,tx_hash,gas_used,victim_balance_delta,attacker_balance_delta,call_stack_depth,label
0,0xb908da6a7e43e4039abbf74abf49ae2b5a4e7ff1b39353aef8fdbedda6116ce8,201295,0,0,7.272784019975031,safe
1,0x744064a647b731c4cf957322075cdc925ac51270e9b56b4580fbd0f080833ba9,262046,-7000000000000000000,7000000000000000000,6.316796368352788,vul
2,0x8714db4afedb77f7c582aa71eedbeb1e82d99cb8f7e82669997481e4d56b0d3a,201295,0,0,3.2582897033158815,safe
3,0x672f82c2394a37ca2842198d9210bc11c77110bd26f74219a54578cc1d516676,273524,-1500000000000000000,1500000000000000000,6.316796368352788,vul
4,0xec71cf5d16e447b5c12933b9c1c13e1691558ea56c1705bfc125e3a51366c7e4,172953,0,0,7.272784019975031,safe
5,0x46781740a4967ec7bb612a78a6652123e6046438ba83ebbe2e6d834894c60904,262046,-14000000000000000000,14000000000000000000,4.410886319845857,vul
6,0xdd7cfca28383b8341356d7cc2927d2ebb4fdd5d041ed8acfb83f72aa13665f33,830117,-63000000000000000000,63000000000000000000,4.410886319845857,vul
7,0x06dd1d149bdaefcc83ae8cd5dc85d8ac89ba20de19ea9924c4786ec01686299b,172953,0,0,14.152145400037474,safe
8,0xcb0b3d8ec3fccceb170e2738e0fbc6cd90822fabc128ec4ab65258ae5ae35a76,225971,-1500000000000000000,1500000000000000000,5.279424216765453,safe
9,0x8f7471d02a35c5d4745444e53af53f13383add10374b558c8b2f90a0b686c1b9,221896,-15000000000000000000,15000000000000000000,7.6840158520475565,vul
10,0xf1bbf6dc647a6703d61c93b047f21c747243acc97eee438738cee6f667420164,382496,-13000000000000000000,13000000000000000000,6.316796368352788,vul
11,0xb3f6809bb036e67e0e43e34625e5a3e799b49a814f0b2d2f97942d84d4968505,201295,0,0,13.26457242582897,safe
12,0xa6aa25a065d3a250b63c8539e4e3e1313254b5cbd1b5c87e9f122cd918259b38,302184,-27000000000000000000,27000000000000000000,6.316796368352788,vul
13,0xe218fca1756148d92dbde88e01a2ca3ec93a0b0cee8e2870a6a99d4e327e19e5,201295,0,0,9.268907563025211,safe
14,0x29d070ebfe1672ad6c5c34fa7c7dd1d7775817b8e115aba35d924fe9c2c744f6,302196,-27000000000000000000,27000000000000000000,3.734502923976608,vul
15,0x12f083fb7d8477d29c6e29a641ee0793b581a10949320c7bd8906fa9354ee533,170621,-3500000000000000000,3500000000000000000,9.268907563025211,safe
16,0x29560536f541bd20c0aeee423fcde16f758fc372e74b9441c60b6ede29fe2569,492191,-15000000000000000000,15000000000000000000,7.6840158520475565,vul
17,0xf234f0723436f6fd54d8e50dc82e7387fb3a843e88a1ceae019df09a5d8c3d1b,225983,-500000000000000000,500000000000000000,10.193025713279324,safe
18,0xa837aac2ec804ac3f87e1640021c78261edc0e0870536544ce9ed3029e0bb488,144369,0,0,12.157712305025996,safe
19,0x14039b7a069b93525672c79ab6e7bc679b14ef795cfb015be3242febd63d187e,743423,-54000000000000000000,54000000000000000000,2.393879565646594,vul
20,0xff4dc2d16d2d604b24d9f1efd7229200c00d37b361a474fa1a705cff5e7463ad,144369,0,0,12.157712305025996,safe
21,0xffed260846589573ec27619006195b7841fea4ad72ba4ebc8880f3451698918b,743423,-54000000000000000000,54000000000000000000,2.393879565646594,vul
22,0x13b9adbae3c3429a713ad1526d865d5c74c97f09e9c8bf52009414f8415cfa3e,321857,-6000000000000000000,6000000000000000000,7.6840158520475565,vul
23,0xa62761f455d637180a6dd0e094b1369cd3328197b62df451e8985aa4ccabfb86,225983,-4500000000000000000,4500000000000000000,4.236421725239617,safe
24,0x6723c8d2178dd061b48869386a7a342f2cd5353251a8f1159d0ba963cafbe8ef,321857,-6000000000000000000,6000000000000000000,5.727010457987739,vul
25,0x5676e098aee8c0bc41d31bee11dbd05fb3dcaf537d3dfc108ba23e0c3848d259,199205,-1500000000000000000,1500000000000000000,4.236421725239617,safe
26,0x4ab9aeb69745ef22683c900da80fd99bd48c3b62d7a7815c11cf8459ab436c66,225983,-2500000000000000000,2500000000000000000,11.266366612111293,safe
27,0x9fa4b886ad94e5f56ba10f1a9ea4cc43e499f592fd35bfac8a4f5f61fad8efd1,342346,-11000000000000000000,11000000000000000000,7.6840158520475565,vul
28,0x791547978fb32ca79670665fb2c998044d5aa96982938363c917b24e16cf7e42,225983,-2500000000000000000,2500000000000000000,5.279424216765453,safe
29,0xb5cb8a498927bc029979aa9bc86479a454a927f227bc49a1a73319f416715616,130796,0,0,7.6840158520475565,vul
30,0x8208c4e9fe9518a43c6445d985587df7b7c93f5dc756b9c2b1be02633955eda0,144369,0,0,3.293421052631579,safe
31,0x293673b1f6e6ae331c0876add0cc75b425d22f300be797fa9df1b8b17924c75a,162546,-9000000000000000000,9000000000000000000,2.393879565646594,vul
32,0xf77c0515ad1226b5c592c147c959ffaa218263a8d3daed1f8e048ea5c0638779,225983,-4500000000000000000,4500000000000000000,14.170893305917295,safe
33,0x8fa194a5a2c7a1efc4430bed95b22739b6f2076154ec828abf900594b903b335,680537,-35000000000000000000,35000000000000000000,7.6840158520475565,vul
34,0xd421937a111902b0cfc2e51397153119c6dc5f606418bf0cd56c01b41b152996,170621,-2500000000000000000,2500000000000000000,12.203252032520325,safe
35,0x954f5599e90292e31bf090980d3439721857ed4e75ee64895edacd44d657a21b,484151,-6000000000000000000,6000000000000000000,3.734502923976608,vul
36,0x257b0af60fe56c0ec5f9a6cf3ac91f979269cc764bc0ae78fbf2d40054d4d028,382496,-39000000000000000000,39000000000000000000,3.734502923976608,vul
37,0xf12ecfb5aa0ee5fdb0beda0c0f65b5e4dfd81c5e169d736c6555c4071348b804,170621,-4500000000000000000,4500000000000000000,13.26457242582897,safe
38,0xd66b5f9bf13517e09f27018db311beabfbee358863428b68a0748c51a950c643,353300,-13500000000000000000,13500000000000000000,7.6840158520475565,vul
39,0xb05f4aca80c15f05a8fba81fd64722e7ac0fa21d71e9f6975ea24545e9e74f0d,225983,-1500000000000000000,1500000000000000000,3.2551950419248996,safe
40,0x2688350dd32ad8f1dd150baa762f6005fecb49d3498b4470149faf8deb9a544f,172953,0,0,4.229007633587786,safe
41,0xf44f12209d2c4ac18c88d8f1fb6875fd5e69f55c573e5e0e6df16d5d21205917,371705,-14000000000000000000,14000000000000000000,4.410886319845857,vul
42,0xf806c3df511da8ee8fb6b7e0b77871597a90dfa307d24146dac8f89ecdddd58b,437345,-5000000000000000000,5000000000000000000,7.333240920432492,vul
43,0x1adb54b99c08ed3599b115fd80613e6934f011b071f55d404b5e1ba24869c93a,213968,0,0,10.207478890229192,safe
44,0x2a2797228732540c3a5a5de158d8422684ed1a250395e20dd94c2f2ab9f491f2,225983,-4500000000000000000,4500000000000000000,9.268907563025211,safe
45,0x60a3b6ecda5f4e8af6a440ed286b433040519c89170f0fc897740ef5b73b0d2f,302196,-18000000000000000000,18000000000000000000,7.6840158520475565,vul
46,0x94ba24ed6c75bc73b94a607e60a87766e892f6013ee1b8c44cdb7e30997f204a,199205,-3500000000000000000,3500000000000000000,12.187648456057007,safe
47,0xfc049783501c8cc2885e8bbf6db8b1bbd58708874fbdf4fcee133b4443ccf04a,548957,-18000000000000000000,18000000000000000000,5.727010457987739,vul
48,0xf7d147111bc685900ede6255cbb6873fe7fabbda02374affc3549940cd279df6,144369,0,0,11.266366612111293,safe
49,0xb9483d5eff94e639419712ebf66c2acc0dd42609bfd458de3b2040134dab9442,342346,-11000000000000000000,11000000000000000000,2.393879565646594,vul
50,0x84562b62affffd2282c71726a11a5a44b22b84bcfd1c99c7c797dd980246dadd,201295,0,0,13.26457242582897,safe
51,0x30ae92235693f042dabaaee356dc3180367cc86ad5fde400cb08cda7eedf3b0a,237796,0,0,6.316796368352788,vul
52,0xf150a0615fcdfe7c0939ab9248bbaf2d6699143170e9ebd9f84a0a68d05e927d,613787,-30000000000000000000,30000000000000000000,2.393879565646594,vul
53,0x5aca6bf1589062534572e3852d6493b0b3cf5a43996baeb09756c2472e9c72ad,144357,0,0,12.175475687103594,safe
54,0x4af5bb8d99c4979b60b31dfc82d8801fb114fbfb062341eeec60bdd38d1f3e3e,613787,-30000000000000000000,30000000000000000000,3.734502923976608,vul
55,0x48c8cd1dfef2a1c095c878180790bad1b246ce2b3afe90be942b7cf55f93233e,170621,-500000000000000000,500000000000000000,12.175475687103594,safe
56,0x97c32a5a8d5e9392fbb00af6886dd5a12ea87797058b4b331e9362c118a1812c,221896,-5000000000000000000,5000000000000000000,7.6840158520475565,vul
57,0xd9115981ce4feb473d7462fa0d279a895a93e3b03b0ae23371aec1a9a34841c2,225983,-500000000000000000,500000000000000000,5.279424216765453,safe
58,0x31f85b5dcd4f42197318607fc72ea2bd73dcfefcc80058cb299ad2521d498f7d,225983,-500000000000000000,500000000000000000,6.223506743737958,safe
59,0x9a32c695bbd0c866e1c997bd0f2e78978e9a1c86e04f8b2021cf102cdbe1d927,343733,-3000000000000000000,3000000000000000000,7.6840158520475565,vul
60,0x8ebdb37af4d033ae761d8b759b77f60f239c0855eb64b6df9fd7778eceb0b173,225983,-4500000000000000000,4500000000000000000,3.293421052631579,safe
61,0xf93d848efa7d572e147284949e466579a2072c0971d18f6cdec99277219edcdc,181734,-12000000000000000000,12000000000000000000,7.6840158520475565,vul
62,0x3d547a84bdd40d66ff3069e72de5bbf6afb77ea1b742392537e1601843bac17e,144369,0,0,14.16059295861643,safe
63,0xfd4f9aa6553cdce1f69fdce935392add030b92d94f1d445abe9220f63cc578fd,755327,-49000000000000000000,49000000000000000000,2.393879565646594,vul
64,0x145ed0fb17b8d918a3b83de5c7737c3828c9f3407ff5dddcaf4b62def1e8ddf3,225983,-1500000000000000000,1500000000000000000,4.236421725239617,safe
65,0xef36604d8dc636390e27b6aec8ef037c19bcfcc8499c006fffde2fd5a6e8b38d,321857,-6000000000000000000,6000000000000000000,7.6840158520475565,vul
66,0x232a28dacc39dc85a63598674a75804b7c6c261897f018de4c6a3cb7b87f676e,172953,0,0,5.279424216765453,safe
67,0x90bf48b9ace8b6b750f5c2a2959fe1d582c8587ebfeda097fa05d8234aad3d1a,221896,-20000000000000000000,20000000000000000000,4.410886319845857,vul
68,0xbcd876a8ea6512faf06ce21807ce860068163cdd1f0ed40d47995da6385281e0,448439,-21000000000000000000,21000000000000000000,5.727010457987739,vul
69,0x2a6e22392a3eeefe7f4fc8227ae885d121c7082284fcee7dd92bdc4231d925ec,199205,-4500000000000000000,4500000000000000000,6.199192462987887,safe
70,0x4ba31f0b0345f3f31fe639d565e9f0899ce164ab26cbb76b508d70814fb34bc5,172953,0,0,7.272784019975031,safe
71,0x5f4cbe4ecea4a9bedc0c40202d2cc0383f4e5497a7f331233ac3ea99e88d7444,262046,-14000000000000000000,14000000000000000000,4.410886319845857,vul
72,0x938427c992a085c31f943c72eaa998c07213e519d5b03a783b2460bcb5003b1d,172953,0,0,3.293421052631579,safe
73,0x5844db1402c22573f28b14fc38af94c5276c7eb776749ba846f99e7f5e9460a2,84846,0,0,4.410886319845857,vul
74,0x76bb7b20049d90aba1fca1a76b2d3aca6671978ae978f1a75373747d2f33eee1,353300,-13500000000000000000,13500000000000000000,2.393879565646594,vul
75,0x6d8c7c9c4c680578d9d28797ff4bf8a0899da499f407adb5786623ffc54c3992,144369,0,0,3.2551950419248996,safe
76,0x337bb129624230fb86a013a165a246b6efee0031f953984a8ec0fd7397507140,201295,0,0,14.20017559262511,safe
77,0xa96a3f5d48b6a4f96515dfff849cffae640dfa9ed9334ab5191e1edddca9149b,530957,-7000000000000000000,7000000000000000000,6.316796368352788,vul
78,0x0fa3ddee3d3d8e036f173193f105ed89c24a8837b7094864c32cc9d59c870c6b,390539,-4000000000000000000,4000000000000000000,7.6840158520475565,vul
79,0xc539af2769684af1ae466c6bb8be4e6de41e3d6a4f09e8464fcd8f802c99723b,225983,-500000000000000000,500000000000000000,8.213649851632047,safe
80,0x7579e93e471db87471c4c766044baa39ee20386578c751dc7569875170bc9fbb,273524,-1500000000000000000,1500000000000000000,2.393879565646594,vul
81,0x3e326a5f2a785dc984c4d37bf64f803e51cfe63b21227d87c2a1ce26126a58f8,144369,0,0,3.2582897033158815,safe
82,0xf8ec23d1a5af695e04a50355794e61245f86b1d2528bf8b0708aaa951f0db7b3,342346,-11000000000000000000,11000000000000000000,7.6840158520475565,vul
83,0x7ffccb84ef65dc17fb167f58b894ce9655137aca99d642f8833e4fc8373e09d7,225983,-500000000000000000,500000000000000000,11.266366612111293,safe
84,0x21c587217a9d7c1deaa4c8ca0de1e197220553a668424df48c246fde959b49c1,333356,-10500000000000000000,10500000000000000000,5.727010457987739,vul
85,0x0d6bdcee579552e909c0cb3f79c18b005d3fd246527d0012e4f160e43bd4bc4c,199205,-2500000000000000000,2500000000000000000,3.255729794933655,safe
86,0x1d8a666ce310389cd8aef7bf5c446d57d8b2719dac8a082b033fa2fff8b13bca,570035,-36000000000000000000,36000000000000000000,3.734502923976608,vul
87,0x6530ba7b0722c4ce05615f01e4cb7e20104dad7f671f368d195c374bbfcf6f5a,170621,-4500000000000000000,4500000000000000000,8.17643352236925,safe
88,0x5f5ba856629d6fda3c495031bcb5f9c6c6b53af96e1a638da08f3e02824ecbd2,548969,-18000000000000000000,18000000000000000000,2.393879565646594,vul
89,0x3037baf27e3ee3fece02634cd5ca95a476e2ef78203cb19becbdf87de8465cfa,144369,0,0,12.187648456057007,safe
90,0x07c80094220a19d464362b77baa59103f015df8f3ad54e6a3f9e0b093f1310fa,225983,-2500000000000000000,2500000000000000000,6.205486284289277,safe
91,0xde4f45246dbc3b4bace415f30eecb8c1d61cca778d27fb81086ea6e4f5c3b1ec,413525,-15000000000000000000,15000000000000000000,7.6840158520475565,vul
92,0x084b9b7d0d18bb61f0b843cf410ba4c33d58e88ffdc13f045f7fca03cdc9d073,170621,-500000000000000000,500000000000000000,14.16059295861643,safe
93,0x343117a7ddc121f6d14f0f6af525ad2d09f07d8a45109753247eccee94de473e,755327,-49000000000000000000,49000000000000000000,3.734502923976608,vul
94,0x01f44da463e9075e7b03550c97b0ddf5d874e81c746042e28c446c25af1845a4,225971,-2500000000000000000,2500000000000000000,10.193025713279324,safe
95,0x2ff0f4b247b4465a7839e69ace389dc1ee1df6dfdb792ae06e2e19f88737f3d0,492191,-15000000000000000000,15000000000000000000,7.6840158520475565,vul
96,0x3fd1f0a8e125bd906e82692511c5dce4ec5b4c3cf50f3cff2a55cf85b9408e0d,201295,0,0,3.293421052631579,safe
97,0x287d911f774526964065097c192e5f07279e7aff45dadd98073d34b3e7350048,181746,-6000000000000000000,6000000000000000000,6.316796368352788,vul
98,0x434634106f37f847486140dad1ceabd406226eee413c192735c28fbca004fa3e,225983,-2500000000000000000,2500000000000000000,8.190916089299462,safe
99,0x79f1c919cfbee5dde92d13770370e786b4c32dda3119aedf0b7704135ea71f88,480287,-20000000000000000000,20000000000000000000,7.6840158520475565,vul
100,0x2af31ccad139d6fa2e5d2bc9834cfcde03130615d311776c4269087486b1edfa,221896,-20000000000000000000,20000000000000000000,3.734502923976608,vul
101,0xa367e0bb6bc8c44f7c1d0062e8d5d282e7e4a3b4172f049d90ba8cfa14f9443a,170621,-500000000000000000,500000000000000000,5.279424216765453,safe
102,0xb3c4e051f74fd86377519f75065c010579d228c9432c011ae09eacafc78adcf5,162546,-12000000000000000000,12000000000000000000,7.6840158520475565,vul
103,0xf8cc0d6a69c7e07786c879d41934f8310000990732dd0457503bee2406c20613,225983,-4500000000000000000,4500000000000000000,3.293421052631579,safe
104,0xecc662694cf413c86ad875f24b28f05f00e1f833b0d2220ae1ab69164cd53af9,172953,0,0,4.241758241758242,safe
105,0x2c4b7344bd0b071246b15ddb259be0726c52fba017af5ca890c20e7c64f0592d,296927,-2000000000000000000,2000000000000000000,4.410886319845857,vul
106,0x8f9760a6dfa11d8601294d6bcab1af99b7e55302fad77f42a674a6edf7552da5,172953,0,0,8.213649851632047,safe
107,0xba419f64424b1b1b9d7733d2a0663a060d860f527d0a72474ffc98be61435d93,390539,-4000000000000000000,4000000000000000000,4.410886319845857,vul
108,0x80152cd0f6a3d2745d481f88734c10abbb3baa4584e92ce47026b5be47cc732a,448439,-21000000000000000000,21000000000000000000,5.727010457987739,vul
109,0x423cc525d1704364fafcb11b76a24cec240366cf79bde551654206aaa91088b9,199205,-3500000000000000000,3500000000000000000,6.199192462987887,safe
110,0xa7408a713fc0dc98cb94e66b92bc78cf0fe7a7c8fe8179bb52a106bcd37a26d0,262046,-14000000000000000000,14000000000000000000,7.6840158520475565,vul
111,0x92dd4f8e42508708f855265533ef24ffdc97d0ce9b6482f13106007a575a0129,225983,-2500000000000000000,2500000000000000000,7.272784019975031,safe
112,0x8da096f152ce0df58df794951a72b8cd2d9c90f3350db70689281ea640a40d2c,448439,-21000000000000000000,21000000000000000000,3.734502923976608,vul
113,0x0f8b48084f8891f452fd73f28b0d8dabac990e025534e5ef6c4f4553bc96bdc1,170621,-2500000000000000000,2500000000000000000,6.199192462987887,safe
114,0x778fa5d1fdea55b91d5cb898a66bd4adaa5dc561d0006cac123ddf9b17e8245f,181746,-9000000000000000000,9000000000000000000,3.734502923976608,vul
115,0x486c23b7ff01ec42b6869d56d9c1e3648122f6c4e6824e197ab9a2a8419a52ac,170621,-2500000000000000000,2500000000000000000,3.293421052631579,safe
116,0xd8ce318869a6969feb1eefa69ae59404ca323828e97cbed2edda6a73b58cb2ad,382496,-39000000000000000000,39000000000000000000,3.734502923976608,vul
117,0x5fc83b06fd45d12bb6547f451532a86494e95375ffb6ae79a9dea1dcb0e1ce64,170621,-2500000000000000000,2500000000000000000,13.26457242582897,safe
118,0xce18abd134ccd219704bceeb9e49604e6ae4a1311cebf0bd6d9e71c8fb7ecef9,170621,-2500000000000000000,2500000000000000000,10.193025713279324,safe
119,0xd065f842e9b325bb5d0568b3e00ab47c83c9a266daa48ada61abfdec796cf027,492179,-15000000000000000000,15000000000000000000,3.734502923976608,vul
120,0x36460fc495f72f8e84fa6ea308f49071f81228f86bd8e7d83298959d472b4a5f,144369,0,0,8.182952182952183,safe
121,0x6f9db18dedb9aae0d53dee6675eb1073483953805cf78b848005f10e4def691c,525149,-28000000000000000000,28000000000000000000,2.393879565646594,vul
122,0x979576972949a558e2b97399cd07e55633212c25dab5d7ea8a012b66ecc4b866,382496,-39000000000000000000,39000000000000000000,2.393879565646594,vul
123,0xf3953578b81a5253a7f6f86374d4c95fb41f39645240cbb651c775db7efbee27,144369,0,0,13.26457242582897,safe
124,0x1f24bd45ebb63acd11c6a3a01412380a9c35e71320d90af1efd71785c6ab9b83,211046,0,0,4.410886319845857,vul
125,0x0b7ca38526c522cbdefd4862a917291fe25ca5d9967a186f5109a0bc51e415c3,172953,0,0,11.266366612111293,safe
126,0xb29721fb346c903d84c24207944fe0da3646b12fac668ae1e9b51e94af6a4a01,678605,-42000000000000000000,42000000000000000000,4.410886319845857,vul
127,0x4be3a0c3bedf7e29e4fc169a3523941a57b68cd85e505881ec67cf85af89efce,172953,0,0,12.165714285714285,safe
128,0xecfbade0e451dcaa5fd2ff60ea45a27625036abb8e4b4bad08dc318b0069b174,321857,-6000000000000000000,6000000000000000000,3.734502923976608,vul
129,0x746c3cce9f0919e4857bedd0073d716c343e48cc088f48230151708d29f04f67,170621,-3500000000000000000,3500000000000000000,4.236421725239617,safe
130,0x2194184a013e402336be851f4e1b9db79393db776d48de6488ecf8ced36360ec,273524,-1500000000000000000,1500000000000000000,5.727010457987739,vul
131,0xe9b250a7125f0ee06d4121f26744c2ee49b0a730767b179b9767e1c14d4a48e8,199205,-3500000000000000000,3500000000000000000,3.2582897033158815,safe
132,0x039eedc2d62f5d2f5dab7a08302733e478c3415235ea8ad9d7c936f3edce19a7,172953,0,0,3.293421052631579,safe
133,0x6fa50d7195070df22839f12d7cff669751fbe08f22a52ff873a6c1911df592d4,162546,-12000000000000000000,12000000000000000000,4.410886319845857,vul
134,0xbb076720252707a23bfd521fe81ec87cab659fa080edc80b14ee3add76373c5d,225983,-3500000000000000000,3500000000000000000,4.226327944572748,safe
135,0xc98c3c2519c9713a9b92d31838c38ec2c8da8efaed03fec4955ac8f8ddc580f3,396647,-18000000000000000000,18000000000000000000,7.6840158520475565,vul
136,0xd8244ed907273f621d962a6cc2ce847fd0fc450538083d57d19c5a32525d09f1,181746,-6000000000000000000,6000000000000000000,4.410886319845857,vul
137,0x83d8f5f93fd3523617a5b91f5d7ccdfc9e71dfc48365ef4dea18244579f53b56,172953,0,0,3.293421052631579,safe
138,0x11995df3fc6e811986014685c550b50243ff4d3e6298989f8905ddddf17c7520,296927,-2000000000000000000,2000000000000000000,7.333240920432492,vul
139,0x5d687e798ea56fff70483eb8a4afba1fe48aa0302801adcbddd54c34545b83a8,213968,0,0,4.241758241758242,safe
140,0xad88d3a75ef2985cfdb78dc4bcff6d25029b0b9ae52a27022fd8c143555372a5,144369,0,0,9.268907563025211,safe
141,0x227009e1a568c9fcd5c58b471a7ca72655acbe4d8f9bdc9bbc95fe79d9c142dc,184296,0,0,2.393879565646594,vul
142,0x6a731a77fc8f2886d1055cd1021fcde2f8366a6f9e857b7429ea4194db3eda97,144369,0,0,4.229007633587786,safe
143,0x75e90274875a5717b16874b16954580e4a106dbd7c70b6b7777cd167512a77a5,371717,-14000000000000000000,14000000000000000000,2.393879565646594,vul
144,0xcc19a0d79eb6077d6904d58f6558c2890081a70267a753979e388c0dbedbf8ce,211046,0,0,5.727010457987739,vul
145,0x553dbbe4b14d1cee346242cc4d6f85ba3d06de604055e23ff504b953cbd57945,199205,-3500000000000000000,3500000000000000000,11.266366612111293,safe
146,0x585de737864cf0e3d70cdb51691c620c3164622ace950af60121d5f2602915ff,605747,-21000000000000000000,21000000000000000000,5.727010457987739,vul
147,0x1b8b0e525b739ece208bced8a7389de83af1bb73f178ba46c8b007045f0bfa1d,199205,-4500000000000000000,4500000000000000000,14.18373107518604,safe
148,0x3cfae13236232e7f57801167ca73005fb3c01c5c2472495ff67880c0ccc89045,262046,-28000000000000000000,28000000000000000000,7.333240920432492,vul
149,0x7d910bedf19366649e2b01814789f7e32a828a13511195f2a14208d7c09195e6,213968,0,0,7.272784019975031,safe
150,0x1f48ab53dcb3c61739f1bbc0b24e558fd00270673d21dcdef58f505ad410267c,199205,-4500000000000000000,4500000000000000000,3.293421052631579,safe
151,0x0c16b869e5405362158246ac82ee4e09763d2ca899744fbf430855a0fc94317e,181746,-12000000000000000000,12000000000000000000,5.727010457987739,vul
152,0xc99e75a7a322c497b8a19e42942c257c43a6d2380c1377d05363fe4a285a3b3d,605747,-21000000000000000000,21000000000000000000,5.727010457987739,vul
153,0x57aec2df876335a9e70980a1ed8d67efb3e31de8eacbf41cdc8dbf4d02317a31,199205,-2500000000000000000,2500000000000000000,14.18373107518604,safe
154,0xb2ce2e8f067289675cf3d1110bd91c4b0879930c947727e7c691a9e680e1f623,221896,-5000000000000000000,5000000000000000000,3.734502923976608,vul
155,0xd0a436454dcf1f0a918eaa3ef6c1ec67b61e8e4d849c9143764f4bbfbe9f2bbb,170621,-2500000000000000000,2500000000000000000,5.279424216765453,safe
156,0x8dbc75d234a0ff4e5914ff4234ec2fbdd6049fb12a729fb0b20f3f28db21ee7b,237796,0,0,2.393879565646594,vul
157,0xdbe115f46d75cb1889b9410fc42ae469c6817ca25e20926415400067cc80aa52,144369,0,0,13.26457242582897,safe
158,0xe068a63ecfe41a6eae61fc7e6c574448fd35fe95096e100242ae0afc05e33a43,170621,-4500000000000000000,4500000000000000000,14.20017559262511,safe
159,0xa8ff18f3b1d44b017b090783d8e9dea4c4fad96c3a60f00e39ac2c05a88ffad0,530957,-7000000000000000000,7000000000000000000,3.734502923976608,vul
160,0x2b30a24f4bab895c572e58db551e416ee7394f926b55d5e65d776c4c0b32ab36,181746,-6000000000000000000,6000000000000000000,3.734502923976608,vul
161,0x14f606e82225baa9245f5febe20ba52d8888d5529f7ae8ae48709e52c3321fe3,170621,-2500000000000000000,2500000000000000000,3.293421052631579,safe
162,0x3beec6c219b52c1a99525f726359483a801ff8bba8c46c8a0594f74f3af57071,213968,0,0,10.172734970364099,safe
163,0x06583d1212773ffec0a26ec507924ccc3e661a61795957d2cb0f19bfec7122f4,601883,-35000000000000000000,35000000000000000000,7.333240920432492,vul
164,0x6a719d093097a31de964d3a65fa5f5eb5a17a41ede760c24ced5cc826d6e0fac,448439,-21000000000000000000,21000000000000000000,5.727010457987739,vul
165,0xdc38f2209fa866b493bf3738e57389467638b14fc04a3d190ecc178ea14174d3,199205,-500000000000000000,500000000000000000,6.199192462987887,safe
166,0x1df1715d0a77dbd9133630640280eea5bf6649cae2ca8e225d435aaf35cf58fa,201295,0,0,13.26457242582897,safe
167,0x00a805aea5b307a795e058b3de7a1aa49ce42d0311f91deed531a67d6bcc8128,382496,-13000000000000000000,13000000000000000000,6.316796368352788,vul
168,0xeb5f05a46bc93930adad2323301bc1972a84b1837bfe384c552331534d7a927a,262046,-14000000000000000000,14000000000000000000,7.6840158520475565,vul
169,0x5c966fcf4a0fbd6e5df7fa952d53b864fb7febf2d3f40702d42f89d2645c53b8,225983,-3500000000000000000,3500000000000000000,7.272784019975031,safe
170,0x765d1c0b294d7586862611832cc67e0c42e9a760230bae5b36ec9cd9de8772da,548969,-18000000000000000000,18000000000000000000,2.393879565646594,vul
171,0xa0249fb0a207c7ef03505380cfd91db98963ed04342d364960ba718d479f2ba5,144369,0,0,12.187648456057007,safe
172,0xe42f992e6d698230df71e786078dd636b386df055314fbd200845f51a991cda0,225983,-4500000000000000000,4500000000000000000,4.226327944572748,safe
173,0x7527f56a25cde274aaa1ae1ad9af645513a131e5e76f1333db3ac909102bb0be,396647,-18000000000000000000,18000000000000000000,7.6840158520475565,vul
174,0xf21e6c00ee1fe646756bdbcb0b22fd6fe2427948ae137b08e34116737dbd2ed3,144369,0,0,5.279424216765453,safe
175,0x22f2e67eb86dabcdaed4ea62b293fbcc140bf907f3043360db76438b5c590bae,221896,-20000000000000000000,20000000000000000000,2.393879565646594,vul
176,0x583f7bd20edc604a4154550bc9d31ad99ee97b8ba34b12408a635650e271af29,605747,-21000000000000000000,21000000000000000000,6.316796368352788,vul
177,0x685c6730b72c1ea34382504a3defc74408596e79181e2479adf9141d37dae265,201295,0,0,14.18373107518604,safe
178,0x76c5734201b90ced4ed4f0cdff45460eb7035eb421703340eaf9b5da786f887d,144369,0,0,7.272784019975031,safe
179,0x22b33070bb86148aff4f072372bb646649c19bf9a755a2d549fb9c9fbfeceec0,157546,0,0,2.393879565646594,vul
180,0xbce0742ce7df21c7b856e8e5686f5d8282108113f9f290b3e28d8693edbed613,547037,-25000000000000000000,25000000000000000000,5.727010457987739,vul
181,0x78429c8bd082ca1c259d38e124d37d0859c357e33d7f2118d30c4c237bbc99b0,199205,-500000000000000000,500000000000000000,10.18176120338452,safe
182,0x7930f699d2b83199155c6efdb41452bc8ac6780e9de89a8c13082ba1e2179291,302196,-9000000000000000000,9000000000000000000,4.410886319845857,vul
183,0x3d74d3656b5d880d1c4f079cdad54096eb1aa7c015f4d4a878311adb38ba6c13,172953,0,0,9.268907563025211,safe
184,0xd2412313147436f3943df6ef38eb81b766d7e3055858f57926bb97ef3e18c90d,172953,0,0,8.182952182952183,safe
185,0xb1064ab0ed7bf4a0f10b3e2ed8cfec03cf6a39ff3e0d52236d6affd8b6b1bd64,525161,-28000000000000000000,28000000000000000000,4.410886319845857,vul
186,0x73bc7ba9ea56ba474d6fe28b98ac8d8c9aab74a6a13083997a06888c26fec240,262046,-14000000000000000000,14000000000000000000,7.272784019975031,vul
187,0x13d62b6864417397444f03d35a67f6bf8c208cf0b5ea142d0775e13bac1bb524,199205,-500000000000000000,500000000000000000,7.272784019975031,safe
188,0x415c1e17e2697d703008d81921d30b9b9f43a93518e31ecccfc4ff1ed28d1af9,547037,-25000000000000000000,25000000000000000000,7.6840158520475565,vul
189,0x3e56a286afe2b446e3e99677e2e57ec989d02ad1b917fa781ac36ce5c7f20a1b,225983,-500000000000000000,500000000000000000,5.727010457987739,safe
190,0x70dd0e3c9f51778edc1c8bb3fbce243793d54762f776fad7e2b01dca3f28e6c2,321857,-6000000000000000000,6000000000000000000,4.410886319845857,vul
191,0xba6b59ab8bf9fafcc5c50c2ea9530ce8e7bf21775022ae4d9fdaf5aa80451a57,172953,0,0,4.236421725239617,safe
192,0x073d592b03a0832f6c9a0e9c2d7d4e7b298e217a423a0c369ccabf632d8fa3c3,213956,0,0,3.293421052631579,safe
193,0x00f1bc9ee697f1b5f533bf95c795984ee0567ec8a7715b3e5a6a85cc92d8e4da,181746,-9000000000000000000,9000000000000000000,7.333240920432492,vul
194,0x05c73d8758aff662163443b6b71efa2d0605d8b489ac0d021d4fafa056433228,211034,0,0,3.734502923976608,vul
195,0xc17919e4186f5917f0b1e67d18c6db756ea548d8c433288ebb53f15dba6c89a9,170621,-2500000000000000000,2500000000000000000,11.266366612111293,safe
196,0x54e841ed1a5a97d358c37785c49ac632d64dc5a815c74b8522076db991655281,313412,-7500000000000000000,7500000000000000000,3.734502923976608,vul
197,0x578ef2220a5a2364d762eb8f706bb016a4c699d3fb37b44b82259c06c4b9702d,170621,-2500000000000000000,2500000000000000000,3.2563872702823846,safe
198,0xe057cc726fe5bd39a2809371f80b6d9e47de6e894f3502d5b2e257462232725c,201295,0,0,3.293421052631579,safe
199,0x377f005790fc0f76d12995754353ec1995e37e1924d24fb1318613cdedb3aa06,162546,-9000000000000000000,9000000000000000000,6.316796368352788,vul
200,0xb853e78c94a42d109fc6d8898e30144d25f7b6ad1558a0c6cd328add22a1b5c1,342346,-11000000000000000000,11000000000000000000,3.734502923976608,vul
201,0xbbcd66169ab8d9b1cc7af1ef8acc1ab84588b9e39c299ba2db4a408685dbf0a4,170621,-3500000000000000000,3500000000000000000,11.266366612111293,safe
202,0xf6da3877a50fac1101705e8cca5dd417616cbe500df442602c23feb8a2e5bf21,201295,0,0,11.266366612111293,safe
203,0x375710f6a355bbb34d34757c5210c6dda44e41f943ba325e27665e657f1100e8,342346,-33000000000000000000,33000000000000000000,6.316796368352788,vul
204,0xb7798049ca04f579dde8ae1ccd24e026aa96dbcd3bad6a83a22c66b68b5de8e8,221896,-10000000000000000000,10000000000000000000,4.410886319845857,vul
205,0x2c6472b6317a4df0c400efdda2505e35f0c1a4617a0a7c8bcb1c7b70e05fcc31,172953,0,0,5.279424216765453,safe
206,0xd6a3fcd7e3c82c9a77e4e62b33b6caa458c715e5692e4afcf56313a107b1c5bf,130796,0,0,2.393879565646594,vul
207,0x0e8bf4875478570020e9653805a94f5569a4ff6b5df9fd8273a531887fc2885c,144369,0,0,5.279424216765453,safe
208,0x9fb65b1d97a361d654becbe785de729a6f36e4028dc45f021b9e3426661fd92f,172953,0,0,4.410886319845857,safe
209,0x337bb2059e1ef3dcbc5520877536e7cc4648825918135c08cf5e24ae0673e14f,172953,0,0,4.410886319845857,safe
210,0x12f4a9657f7a46fc0590feb386f38d3e069a66baacc523485b9c6898a9e2fcd1,273524,-1500000000000000000,1500000000000000000,12.203252032520325,vul
211,0x95cc9dce072363921382567ef97536df71d4f5add6a657d862cbc6b4418ebeac,484139,-6000000000000000000,6000000000000000000,3.2582897033158815,vul
212,0xc966048cafde796f7b95eaaf60f8c6aa3e310c2792a823bf89e3c7eeb763bd74,144369,0,0,3.293421052631579,safe
213,0x4c4768b4655e61325d7aeecb2a14cc40fea2f31da9e733a5e5cbcc7b87908225,104046,0,0,2.393879565646594,vul
214,0xbc16d37f5698849ff1911209c651788bad646adab53916d3c025665770a6dd05,225983,-3500000000000000000,3500000000000000000,12.165714285714285,safe
215,0xa488620c464e7bc0d4b9a11765acaa9141d44156f775322cb3de6e3be646765e,678605,-42000000000000000000,42000000000000000000,7.6840158520475565,vul
216,0xfb27304765c1763647b3cc8d2cee417902ffad2a69b6166b5172ef846c4b7b42,221896,-5000000000000000000,5000000000000000000,5.727010457987739,vul
217,0x0259d08ce4591a18c69cd9c02e04ee3d5c62a4dc79c6f19f20e5b8e4fb769135,199205,-3500000000000000000,3500000000000000000,5.279424216765453,safe
218,0xb833943e9875280d41f7a7d436d98054946c975741c0e1aa114eeb333ee563ca,104046,0,0,4.410886319845857,vul
219,0x36eab299af551d9717adaa3fe48d32126ba9b3e06f8f2c2370328f5081d5ca97,172953,0,0,3.293421052631579,safe
220,0xef6966447b34fa7d64f8b099348c13fbc993ec0005e3c7930530b2486c2ea8e7,225983,-4500000000000000000,4500000000000000000,3.293421052631579,safe
221,0x521bafc914728a39dc1dfce32b9863de69b427ff9d5a7d6458bd7854d9f74324,162546,-3000000000000000000,3000000000000000000,7.6840158520475565,vul
222,0xeb39d31d0b5d8ef569808581aa63f629fa0a4a82075ad46d34167403f6f3eb15,172953,0,0,12.187648456057007,safe
223,0xa6a0a5ef6522fda41bcc3b04ebeba9777834b25ab0e405cf0528b3be5acaf0a3,548969,-18000000000000000000,18000000000000000000,4.410886319845857,vul
224,0xcbeefd1fb15dc1083173a0af971f6f8a1afdf82df4623e2e99ac6b72e2f1c20a,144369,0,0,8.213649851632047,safe
225,0xcd4e22b13354c582c0a93363cf942cca05a177f18d836ea58c15cf401fba17de,390539,-4000000000000000000,4000000000000000000,2.393879565646594,vul
226,0xdd6df91125c62ca48568ee6f898bbde52dbfc7c5dfb8bf5dccf096c5c6755e8c,262046,-21000000000000000000,21000000000000000000,5.727010457987739,vul
227,0xf44e1f76f7dad1650c3d7f70c4f9905a21569a88bab4c11dad60743928f05474,199205,-500000000000000000,500000000000000000,7.272784019975031,safe
228,0x49b34d519ae1f47aa699c072daa448844e90c64f50a6ea3aca31b9d9e3e4a768,213968,0,0,13.26457242582897,safe
229,0xbe4fe45b97299ac96248db794093015073856efc0f2b086e63eec0088845fe68,382496,-13000000000000000000,13000000000000000000,7.333240920432492,vul
230,0x23265b43b956cc74a5c45c7c096330fbd96061e6a2c39f84e6ec4426f3e4dd59,201295,0,0,13.26457242582897,safe
231,0x1040571df09079ebe34a53895cac780d69c4eb0b42be2e9ae8ead3e76429cf4c,382496,-39000000000000000000,39000000000000000000,6.316796368352788,vul
232,0xa7aca84346b716632adfed314e302c3e7375426787566fddaffb49f3cd6811d5,201295,0,0,3.293421052631579,safe
233,0x4207967f13239ec4c42cf74e1d01b3e5d02f89598a825cbc5b5be01f3910d144,162546,-6000000000000000000,6000000000000000000,6.316796368352788,vul
234,0x822544a3d4c48a8baf397336789cc221688dab43306009dded5d48b7fea46d50,437345,-5000000000000000000,5000000000000000000,7.6840158520475565,vul
235,0x7414f1606f22cd56b7467c889af5ca119e3bfdf01e4960df9234bd6aafad9e2f,225983,-2500000000000000000,2500000000000000000,10.207478890229192,safe
236,0x130d1ea0e8c62012b2b671ee292129049ffe82218a78fc86593bd54d4f0c12d7,225983,-4500000000000000000,4500000000000000000,5.279424216765453,safe
237,0xd6d4248de3fb94fef6192726f14f8687b18548b651426b6e2ff337ab5a510894,130796,0,0,7.6840158520475565,vul
238,0x19cbe5a63d8bf1e5753cb48f3823f4944f813da46610987e7e3cb8334c78cbfd,830117,-63000000000000000000,63000000000000000000,2.393879565646594,vul
239,0x9645b23115ec91b388b170ec200b5b8c286d90af6b022f5ccc33adc597d234d6,144369,0,0,14.152145400037474,safe
240,0x95278c04228425f1419623ef27fd12317971ca5ee933572322c408e5c5951153,296927,-2000000000000000000,2000000000000000000,5.727010457987739,vul
241,0x23238b3f7253e9927086b34b614594266c200cc02be5d94b784bcc4b9dd4f20a,199205,-3500000000000000000,3500000000000000000,4.241758241758242,safe
242,0x2c46e4a7d98788fd26e8a9e6dd0204378c367ef318e3d34c0d8df40b283702b4,170621,-2500000000000000000,2500000000000000000,8.17643352236925,safe
243,0x5c3d178b30f3152a30f155ecdd8fdc2adbcf54023c2c016653888095561fdbee,570035,-36000000000000000000,36000000000000000000,3.734502923976608,vul
244,0x041bd16f6745ee359aea61446afa416f285db0c73901af14a05d4e6b26f2b59d,302196,-36000000000000000000,36000000000000000000,9.268907563025211,vul
245,0x53b543f7d8a165c4594e3a278031ea9cdd6f1af9418bbe7d51d6c353bfe7ead6,170621,-1500000000000000000,1500000000000000000,9.268907563025211,safe
246,0x10f2e4966614063ea2581e5f9ab889ebe00618b623b1239a90b463eab23b9f05,221896,-10000000000000000000,10000000000000000000,4.410886319845857,vul
247,0x9906d71d105ccde6f8fd33cb169034f94d9008a215cb89a87bee0b3f13401a52,172953,0,0,3.734502923976608,safe
248,0xc5df3f4fc21fe976ecc97170a2b4125d729963c63a642fc50a7f4caefb1704ae,342346,-11000000000000000000,11000000000000000000,4.410886319845857,vul
249,0xb4f145e8dc6ed3ca9a91a2bc68c5b326391268587a949a63fa597596a26cc6ba,172953,0,0,11.266366612111293,safe
250,0xbf8a47a6c584c4bcc4a34ba8fa84ca3192392a73011b2446210050609a411fee,225983,-3500000000000000000,3500000000000000000,8.17643352236925,safe
251,0xac32a2ea7a9de26c3c1731d95cd45af6b12f0eabb68f645a88ec4678eeb4b72e,570035,-36000000000000000000,36000000000000000000,7.6840158520475565,vul
252,0x7ff997917d5e98d7934aa5ef19bcfa5ebf5d80487c65635a96d21d3063e50615,211046,0,0,7.333240920432492,vul
253,0xccbc61efcb4fda39676e5dc000e2fccc667bf1bffff45367004250f199aa27e3,213968,0,0,11.266366612111293,safe
254,0xf7c17d6cfb255094029a6f23f0b0002e3772cda002a1c03417f5db38f42e8a4c,170621,-4500000000000000000,4500000000000000000,9.268907563025211,safe
255,0xd8781c29e5645920ae7466d027cc0a21e2857a79822d337eb87c78edf5e22e94,184296,0,0,3.734502923976608,vul
256,0xc260a3347e4710baa3430ca98c3e521723f006814be36a16f641cc96856129e4,170621,-1500000000000000000,1500000000000000000,3.734502923976608,safe
257,0xbe0977adf864aa53ef70f2be8929bbdc6d4cb12c381df773d6a35957e02b0075,170621,-1500000000000000000,1500000000000000000,3.734502923976608,safe
258,0x3104aef0dfefeb4f839b0c237cb1add55056ee5d565c24b8fbca8880e5aacd49,656729,-45000000000000000000,45000000000000000000,13.26457242582897,vul
259,0x9f7c6491e570e071c51377acc3b3afe59a6ccd5d92cffb3cf6b01450d88ea770,382496,-26000000000000000000,26000000000000000000,10.165340179717587,vul
260,0x95f3225192565f554abc9bb44ece1ff876444d788a51c7b7c7253d5c657ea1f5,382496,-39000000000000000000,39000000000000000000,3.734502923976608,vul
261,0xf7bc477ef74f531defd2c807a9e80885d5b4e3437dcc89511e2a394b8a4bf156,170621,-1500000000000000000,1500000000000000000,13.26457242582897,safe
262,0xf2cadc9585dd3420033ef10ef06f705808207c2fb9342ac6b0b6fb17c2dd00f5,213968,0,0,11.266366612111293,safe
263,0x7b74d8ed27a99cb130dc9d97e4196afcfda92805bf6c4d2dfbfb0f18b3a7db01,342334,-22000000000000000000,22000000000000000000,7.333240920432492,vul
264,0xbdb0f08f78e84f3bdd359fbb87e61e6bcab0ead47ca3557d8d34400b3c19989b,199205,-2500000000000000000,2500000000000000000,8.182952182952183,safe
265,0xa8fe4ce220db42b81b3ad82a60ebd40e35519407875aa07c0d5844edc52d539d,525161,-28000000000000000000,28000000000000000000,5.727010457987739,vul
266,0x31255619d12427a418013c036b25244ee300136a4140b8c8a59b6f7dda938fd6,181746,-3000000000000000000,3000000000000000000,7.333240920432492,vul
267,0x213bd3aedeb4d0dec76ca13047f45c52c5af91f26e89ce7a621dc7a01db6862d,213968,0,0,3.293421052631579,safe
268,0x0683e25a3b75ce0493c07f4ba1e6289f1b36471727cc0bb473b14890a6e61f30,201295,0,0,13.26457242582897,safe
269,0x429a5c5c4bfa39d3d2851e810d336701073860f0625b40246252d192debb7173,382496,-52000000000000000000,52000000000000000000,6.316796368352788,vul
270,0xcdef76d3b5520f725166a5f49f437c370113b56cc32faf193c84e9e45b06e900,225983,-2500000000000000000,2500000000000000000,3.293421052631579,safe
271,0xf57fca98deba5b0b24854d456acf5d3d8d88cf78778a214704b8022ac7a23c53,162546,-12000000000000000000,12000000000000000000,7.6840158520475565,vul
272,0xebe0739225b65b500f76818cf100e435c0026ece07f95b8ed6c03ae2deaec8dd,172953,0,0,3.293421052631579,safe
273,0xe0a72687a51c73a98dfd50d4587ee63f6c16c40758bdeb377a2983896c19ae59,181746,-12000000000000000000,12000000000000000000,4.410886319845857,vul
274,0xb5e65e4f258f11071b41575022766769d82f29443aae6249d52218e2041affd6,201295,0,0,6.316796368352788,safe
275,0x176d827c1cc3ff9bf22544aca5a2f3f1219954f32b78a199efa551e1acb08abb,162546,-9000000000000000000,9000000000000000000,6.316796368352788,vul
276,0x72c3d3a3855f0baa029df94e93bee6b58b7504e0448b9b4ca5875e3b7ad2f74a,162546,-9000000000000000000,9000000000000000000,2.393879565646594,vul
277,0x961252b6c74fd69226509aa7e0f1301b0f7c4e0977386457c860c8aa6001fc5a,144369,0,0,3.293421052631579,safe
278,0x4fea104f2153fe13f65b339d267c49a293114959eb5d738ba103b69471000974,382496,-13000000000000000000,13000000000000000000,7.6840158520475565,vul
279,0xc65bb19123679adb6ded6271900782df2c6af091c56a9ab1a43ba2320a71cd77,225983,-3500000000000000000,3500000000000000000,13.26457242582897,safe
280,0x6e5520732e9ee97e278749abe17a81cef75eb46920d39f0dbf349d32234cb340,390539,-4000000000000000000,4000000000000000000,7.6840158520475565,vul
281,0x2553cc0280331f574241eb4843027ae256c695d2f6320a9bece524283e5216bc,225983,-500000000000000000,500000000000000000,8.213649851632047,safe
282,0x23d803093803fce1e8459210d9927aca5d192d5ca5bf83cf850971caaf37d443,104046,0,0,6.2133632790567095,vul
283,0xb21e2adb470a2dbe6e18bdf96a300db6530916ec58c5cbd14c89d2f2138742c3,378635,-9000000000000000000,9000000000000000000,3.293421052631579,vul
284,0x82be1aedf4ed96e80e809efa21de50e2530597dfbf85661104539abe8944c840,170621,-500000000000000000,500000000000000000,3.734502923976608,safe
285,0x4f7fc1eea2c987a645290ede2a6849ba1382aaf464c54335a6e901c9dd0125cc,170621,-500000000000000000,500000000000000000,3.734502923976608,safe
286,0xcc0e0f57b572dc784b4bb9a95ed4e452dc04d0a7ec37398d57b9dd2b99fe56e9,201295,0,0,4.229007633587786,safe
287,0x0d80e50f13bd68c5e6e30b977610dfadc9e6908a2febf18fe86e0bab8e223e00,371717,-14000000000000000000,14000000000000000000,6.316796368352788,vul
288,0xb82ff4705b659929910840bfb0115e89d2ae7b92258f95d336e982831b18f856,333356,-10500000000000000000,10500000000000000000,8.2008658008658,vul
289,0x75ca72a5113052bc5b105a4490e11a515d7a8d6410b37f0ec54bd555740d488e,435413,-12000000000000000000,12000000000000000000,3.255729794933655,vul
290,0x061527b48fdb3a074eaa8712dae80cfaa07b9da21b2453d19534a5c039e7e32f,199205,-4500000000000000000,4500000000000000000,3.293421052631579,safe
291,0x6a37b029513cd8de6d6f67f3547eb0f92d112069b0c6b17cb37fea82211b444a,181746,-6000000000000000000,6000000000000000000,5.727010457987739,vul
292,0x7cecd5e0e37a1456bb84fcabce2b8ba2eff41806a9a70de9ae72a5527736dd10,199205,-4500000000000000000,4500000000000000000,5.727010457987739,safe
293,0x262ed62bab071e04df04e8666f5cb4be99e35ba4ed4ddc1c9eee2c41293df623,199205,-4500000000000000000,4500000000000000000,5.727010457987739,safe
294,0xfbd59a401a52b9c7591913bdd9906947655e863a90e9014894c08c3e4e97f3c9,225983,-500000000000000000,500000000000000000,12.157712305025996,safe
295,0xf2d81847293ac5d7c0f00682918e720e8269b59d27c4f431eb4ae7f6cba98984,743423,-54000000000000000000,54000000000000000000,7.6840158520475565,vul
296,0x3580cf603753a2eaed9ee8ace3bef1195c25875faae28acb2831ba1860536b8b,170621,-3500000000000000000,3500000000000000000,6.194048104362006,safe
297,0x4c00b23f6ab9e0c8240ab005f94d7f40738b050ba15041211b584f740232f952,483341,-27000000000000000000,27000000000000000000,3.734502923976608,vul
298,0x6e95dd617b6db7e9a8e608c74e582fd3654eac6f5584519ce5edab6d4c020565,743423,-54000000000000000000,54000000000000000000,5.727010457987739,vul
299,0x39e2f69315e84e3504e17e61266c2956c7dd78a51faf17ea55cf45ce268d38ca,199205,-3500000000000000000,3500000000000000000,12.157712305025996,safe
300,0xe2c1504843923beb0d2d4472759627f4bfb3e9071244900e5abc3a571016f172,184296,0,0,7.333240920432492,vul
301,0x5eea2864e385fc0b839a404b914de2a49399f04c5a9016f3e0d04245cf5e904d,213968,0,0,9.268907563025211,safe
302,0x709905cfb9c4948bb39aeaa33e4cd8ec6d274cfbaf89156c93a7a33678ebd76d,170621,-2500000000000000000,2500000000000000000,10.193025713279324,safe
303,0xe4b1ce6701f7accad201c38e6a24e9142af1a80756139632faf2032ecb23812e,492191,-15000000000000000000,15000000000000000000,3.734502923976608,vul
304,0x88bde543ad8f0ebd3c85d4a045a09b6f75ce2aa7526ceb5bef704dcf24d909fc,181746,-3000000000000000000,3000000000000000000,2.393879565646594,vul
305,0x437ebc8e63268f236b4e21aa61b214da3200a81d70883bc5e76bb58d14f8ee10,144369,0,0,3.293421052631579,safe
306,0x9e4830d96bd1e670fd3c58b7900e1cc07a2472091b8bc4130d2e716f637d58d9,413537,-15000000000000000000,15000000000000000000,2.393879565646594,vul
307,0xff46cc8d8c3c8a5100cd123774143edfe1ed30dce786b14468faa2e6587e19fa,144369,0,0,6.205486284289277,safe
308,0x1ba2bd937fedba01e79d7d751b49c082f087be396695bf5329a8f324f37d7bd0,530957,-7000000000000000000,7000000000000000000,7.6840158520475565,vul
309,0x5e26825db2db1dfa48cccf6fb9d46afa0c5ddba642ec860253af28030cb53530,225983,-3500000000000000000,3500000000000000000,14.20017559262511,safe
310,0x34e94c602adcffc5c9222a588fb75b7429cf9c3e3efeacf72ead375fd603f657,656729,-45000000000000000000,45000000000000000000,4.410886319845857,vul
311,0x30a88b4a43b45e6ee5c469f81e15fe13536e99a6675e3b8a254b67346c7c6bc5,172953,0,0,10.165340179717587,safe
312,0x46d4301a5a02f1274c5183d0d3fa9babb40ecda8bb2874430292805500762e90,162546,-6000000000000000000,6000000000000000000,7.333240920432492,vul
313,0x1fc909c59e543c46a91a43df286fde6696b15fe0ad8ebf834f70485ece2debd0,213956,0,0,3.293421052631579,safe
314,0x02f3f09a0e0f4d6d0e8762b4b71f6f875e2e85a364901f5978e735201e7325a6,201295,0,0,14.152145400037474,safe
315,0x2e7f2d09a25dce3b489079f92cc07124d0ce0f496f8a200488b613a00dc2cd9c,830117,-63000000000000000000,63000000000000000000,6.316796368352788,vul
316,0x6d9a1afb201836bfbea30e26af742555c2b034d2826aa5c252481ba5377e27c0,293468,-4500000000000000000,4500000000000000000,4.410886319845857,vul
317,0xa21e191375e13fb050661d0125048e11dd15dc55f4a206370e3028d7b7ee116a,172953,0,0,3.257215189873418,safe
318,0x13c895a2eced06be46082caf516f1b05a64710f6535de746157d7c4a3e5a5bf7,302196,-36000000000000000000,36000000000000000000,7.6840158520475565,vul
319,0xd3d27a6b4db15935f885b71f601e7e2565d07c4bedea82c326f357d8db87e3f0,225971,-4500000000000000000,4500000000000000000,9.268907563025211,safe
320,0xebf9f7612715ebeb71ce2354fd4aeafb14d2901ceee66d74dea9949be2264922,201295,0,0,5.279424216765453,safe
321,0x7f3de1ccede01be77deb6d2ed9e5e993bc0c7afadcc5006db136edb97edef0b0,221896,-15000000000000000000,15000000000000000000,6.316796368352788,vul
322,0xd99ecfb0433c02388c608d86691dab777d3ca5bfc317cb3a227422a5e9960639,680537,-35000000000000000000,35000000000000000000,7.6840158520475565,vul
323,0xfa410ec0de4fa2b96b6d550c40ae641491bc9aa96e21f96d4757419967b9f4d9,225983,-1500000000000000000,1500000000000000000,14.170893305917295,safe
324,0x2e326c6bbe4f44d6a6e73302b90b6ea04cb37a2e0d5a37ca73715259ada965e4,755327,-49000000000000000000,49000000000000000000,2.393879565646594,vul
325,0xe0bc7fa1cfcfa604668fb0afae905996dc1d1b863c614df73800077fa590baf6,144369,0,0,14.16059295861643,safe
326,0xda47ed38d165bd246344b312da032ef9f8242e65f1d722856db7fabd0e713d27,492191,-15000000000000000000,15000000000000000000,7.6840158520475565,vul
327,0x52f08f5e358b0492cf058c0530969901474f8fd4e5f49f553c4997500a33f3c3,225983,-3500000000000000000,3500000000000000000,10.193025713279324,safe
328,0xa7a3c3f38e10f1ea3a7506031ca4d39fec4fe8c323ff9415e9d08a56e8fb1145,201295,0,0,3.293421052631579,safe
329,0xf938c55abff8dab8fe8aacfe2dcd1a4cbde1969bc47899047a7c996d090262b9,162546,-3000000000000000000,3000000000000000000,6.316796368352788,vul
330,0xa86fe0a02ca92938da6a8cda1862a6f2e45d9d42088a03f66277c576fc804efe,172953,0,0,12.175475687103594,safe
331,0xdd36684e436449483829daae3543c633f1a3af274638502740b96cdcbc0b42d5,613787,-30000000000000000000,30000000000000000000,4.410886319845857,vul
332,0x41451854ced343eea0c5684064b5e6ada1baf666f9f6ad4f462b0dc29fb431df,199205,-3500000000000000000,3500000000000000000,10.172734970364099,safe
333,0x130bcfa370fc78002d4bfc725957435cd0f8cf55a7d66eb0792a17fa5b75e874,601871,-35000000000000000000,35000000000000000000,5.727010457987739,vul
334,0x60b64f80021f4ecde8f9a2e0cd6345604c1ae39023cf5900ace1bb2e215c0b50,225971,-2500000000000000000,2500000000000000000,5.279424216765453,safe
335,0xcc4b424e00d0774c90eb4341171cf9343787ebed25c628383c98ba8c52b4108d,130796,0,0,7.6840158520475565,vul
336,0xb7b9dc8fc0194139ecf0cf23f4f16fd493d59dcb8f0750833c0beae89dadb698,570035,-36000000000000000000,36000000000000000000,3.734502923976608,vul
337,0x20a9048e7b00cf157031166d045ba68a72a34e6eeddfe75669a5afc3e096b4c5,170621,-1500000000000000000,1500000000000000000,8.17643352236925,safe
338,0xb17a17713e334612b1feffb9c6772f3fcefd5d8656b702c8022dea630289317b,353300,-13500000000000000000,13500000000000000000,6.316796368352788,vul
339,0xd7a7002dcc99f33f81970e8ef29cfbfd46729cfeed7ac521df6428017951dccf,201295,0,0,3.2551950419248996,safe
340,0x7f5479dde434d6a74dc6cd29a408a9a0f63f7ae4c11f6214080f8fb5a340cf96,144369,0,0,3.257215189873418,safe
341,0xe699c959fc87b0f7fb10c37d4f12b7e9c637857e96e5cdceb79278caf8bb9b38,293468,-4500000000000000000,4500000000000000000,2.393879565646594,vul
342,0xdd312d3250f27b5da171c6908befb398403792dd1eb2a85157b6d5177dffab78,547037,-25000000000000000000,25000000000000000000,2.393879565646594,vul
343,0xf086ae5af950fbd8985fe43aa3818ef24ab35d0ee549f5f7d22747918576fb6a,144369,0,0,10.18176120338452,safe
344,0x8dff7aec61016d4afc2460f2a48d52ca37bbaa68acc737e0c72cb4a38d2f57d7,353300,-13500000000000000000,13500000000000000000,6.316796368352788,vul
345,0xb10c41748ae0f05e94b64191e2628e859e38ad19fd23822c390b50f3b7f8d1af,201295,0,0,3.2551950419248996,safe
346,0x7fef5ddaf62128612e5452996dd17fb12c5689404fc3dd1a9453c499b3e01260,656729,-45000000000000000000,45000000000000000000,6.316796368352788,vul
347,0x0e68c60c8e1fee593752424f98b383d1c6e671d42ed0225a44388d68fbd79196,201295,0,0,10.165340179717587,safe
348,0x9b0ac19eed87a405873b8ec08518cf29cfe0f81b638a497b4189b669ec28d89a,342346,-44000000000000000000,44000000000000000000,7.6840158520475565,vul
349,0xd843b92ab6432cadaabe0fff7972df4a0e24104a9d74ef42d1c0831633e462b1,225971,-1500000000000000000,1500000000000000000,11.266366612111293,safe
350,0xa5f5fe95308695bb731115da80f8ebc09583a8f2463bdac1d890e2e906571748,378635,-9000000000000000000,9000000000000000000,4.410886319845857,vul
351,0x4703182d02f7cbec0a560b5116388a1e061bd1b5af0132bafd203fa18635967c,172953,0,0,6.2133632790567095,safe
352,0x04f568c08681b9a1dbb01f0949d8b78aa382d534f0c04f6cce247af3a589649b,225983,-1500000000000000000,1500000000000000000,14.16059295861643,safe
353,0x225f6d51f806f136acf81dd600d084026acd8155d8a48ee5d7f19b914ad867b1,755327,-49000000000000000000,49000000000000000000,7.6840158520475565,vul
354,0x7800bf0c6d7b394fea7e428d055e373ffd6612a6c78ad39086f2a1e02580f9b9,225983,-1500000000000000000,1500000000000000000,10.165340179717587,safe
355,0xb0a95ddd02872a2d3187b004030e9fd6c78c6c06c5a918e62f3008c3651ce5cf,656729,-45000000000000000000,45000000000000000000,7.6840158520475565,vul
356,0x9522c73a6bfeeae6fe462311e25ba503baed8f36a07262521f4145d9257e35d7,221896,-15000000000000000000,15000000000000000000,7.6840158520475565,vul
357,0x8e959e53abc22569847d42e8c4fa70ad77ae8eaa819d1ea128583db93cd16e49,225983,-1500000000000000000,1500000000000000000,5.279424216765453,safe
358,0x99342be594395576c31e844157f7d032ba73c9c2971e093bbc99e59f6e0fb600,201295,0,0,5.279424216765453,safe
359,0x3dccc0bce57642b612941fe3611f720d5db4f06dc6690d23037ed3ec35d07219,221896,-15000000000000000000,15000000000000000000,6.316796368352788,vul
360,0x1d02f02c1c9a99a4df09397a930d521e99940b52e9f42f3ec901de938df7adcc,353300,-13500000000000000000,13500000000000000000,4.410886319845857,vul
361,0x59236375c3ce25f9dfb70887b0b588d19484c82db7b8683e43fffb7fe363d85c,172953,0,0,3.2551950419248996,safe
362,0xc3a42ddff2d2740f844b38d1e960b46baadce4c1a16aec51cb12a45ec913800d,181746,-9000000000000000000,9000000000000000000,4.410886319845857,vul
363,0x6e06bbf7ad3a721dbce9648f0f2dcacaf8106e37af6993232d198498576f6b92,172953,0,0,3.293421052631579,safe
364,0xc7e9e7bd9951d250b2157e32f1ee0a049787be4905225c937793344372c7e847,201295,0,0,3.293421052631579,safe
365,0x2ff18e869f785abf502b86ccd7b519ed96decd4e2b0a67d6c40fc6fb7e23c079,162546,-3000000000000000000,3000000000000000000,6.316796368352788,vul
366,0x7ecc314ea4d21e150fecd68f7c8d45d8d925c96fba83e61a7f0a891d7c0df046,201295,0,0,5.279424216765453,safe
367,0x8cc2d70c7f0eb783b75ef950ccc9bf7c5bcbaf7bb9d621dd56c925a1cb7750cb,130796,0,0,6.316796368352788,vul
368,0xd4e1ccbbe97cc4461c521537501aa2732cb8837336c924f7ea0ae48f518dbda5,225983,-1500000000000000000,1500000000000000000,8.190916089299462,safe
369,0x927bc057ef6048e906cf92d2e012756ca1bd8f6c47ee01511f7df377bf73bd50,480287,-20000000000000000000,20000000000000000000,7.6840158520475565,vul
370,0x479b45a9de5590a23ffa6ec464e68748e0db665d2962aa709993f2d49ab9f6d1,201295,0,0,13.26457242582897,safe
371,0xa99f22880b893b33112c0a2c421e7a1927bf9dd9ed94ad2432391c23d3c639d5,237796,0,0,6.316796368352788,vul
372,0x0c2116e3453b7bade05653708d830a6f403de8480911290dc214f65876875c47,342346,-44000000000000000000,44000000000000000000,3.734502923976608,vul
373,0x046e173a356a988bdac17814822b767fe17f13e61f8cf131da2479b31b203e98,170621,-1500000000000000000,1500000000000000000,11.266366612111293,safe
374,0x2e20992fe3c67786c54049823e1d6b0942c9e5b685b0df56ed0126998d354921,483341,-27000000000000000000,27000000000000000000,7.333240920432492,vul
375,0x1e0687c7dfcb51124ee12a281d2fe6c154d7256d6ec850fb792b4da91f524e00,213968,0,0,6.194048104362006,safe
376,0x7426ec8bfae7d0eb95eaf02679118dc9a6fb4dae85106d3b6570f8e50f1cfadc,613775,-30000000000000000000,30000000000000000000,3.734502923976608,vul
377,0x661a6eeb7f514019ab94e5d8ec5c9e87366c9d52ce22b73f4fa6f5dcbad76a2b,170621,-3500000000000000000,3500000000000000000,12.175475687103594,safe
378,0xc6d358158f2c804ac9a18cae66716f93ef27e0ac73ad3c9d4758f68d8ed6888f,262046,-14000000000000000000,14000000000000000000,5.727010457987739,vul
379,0x115a27df66db9023b8623b2eb64c7485b55dee41e551f37811e0ef07f9a6a7f3,199205,-1500000000000000000,1500000000000000000,7.272784019975031,safe
380,0x3fc46c905ae900b7ea9f264fc909c8b4cfece3ea17ae49c41a65947cae5cb74d,221896,-20000000000000000000,20000000000000000000,2.393879565646594,vul
381,0x4925e6675af975863fb834979fa924cb7ae60ffc1c0a0f93749d1f00d5f30cd5,144369,0,0,5.279424216765453,safe
382,0x482399bb022d01704b8e18aa69523022565648b4c34372b760856d596939cc9f,448439,-21000000000000000000,21000000000000000000,7.6840158520475565,vul
383,0x38b1562062e2511bb2acd83fd1492c0802961cd8d0e39bc6d927f31b3720192a,225983,-2500000000000000000,2500000000000000000,6.199192462987887,safe
384,0x90bb49779835af90e16124f943380cc0f4e08936422704fd371c7f87e92436ba,170621,-1500000000000000000,1500000000000000000,9.268907563025211,safe
385,0xbe35c3322b690f36edb4f6734046d2845b2312e917767cb9a337bc1bd8104116,302196,-9000000000000000000,9000000000000000000,3.734502923976608,vul
386,0x4b79fcb9e7136c7e760ed8c67f9b66cc0075a6b0f8e9722a621322a2b9c78fba,225983,-3500000000000000000,3500000000000000000,7.272784019975031,safe
387,0x57607a68ac4148a6f6474ea6e18427d6cae71f528fb6b470be8da1b23979b6a4,262046,-7000000000000000000,7000000000000000000,7.6840158520475565,vul
388,0x005083a61d2acccdaf26f1c6066b30bf6086e6c9daf781cc207d014872f002e1,225983,-2500000000000000000,2500000000000000000,10.172734970364099,safe
389,0xf7877667ffc763ceefc36e279a007f5cea5eb19e7d5f78beff0b91ac94a282b5,601883,-35000000000000000000,35000000000000000000,7.6840158520475565,vul
390,0x3152668313cc17a80622cf29341613c079dbdc5e4a0dd5752d6efef69a245ec3,172953,0,0,3.293421052631579,safe
391,0x3e4551cdd85c0f9ba10e3420ad1c5b2b5eff0b5998473658a87b2ebf55f039ad,162534,-9000000000000000000,9000000000000000000,4.410886319845857,vul
392,0x6e5527044b6df88a166f51f0b171cedccfa180f990492ed06951f1e70db28b24,382496,-52000000000000000000,52000000000000000000,7.6840158520475565,vul
393,0x2c59c3f09408e39afc91ffc75a64882182406bc4323bf2b94506f844d240252d,225983,-4500000000000000000,4500000000000000000,3.293421052631579,safe
394,0x3b50f6ec8ac670d79e2fa390b9be73a98e34bb36d750c51a8e532f6ba816a10e,213968,0,0,14.152145400037474,safe
395,0x85038761dd6c13d3f9ddc3fb26faa498bca04bf1544a856626233b7f1d5e85d0,830117,-63000000000000000000,63000000000000000000,7.333240920432492,vul
396,0x3b18ca414a1695e96fac8cb17d12f7319aca97d2ee2cf0f32fb3f7cf1eb86ddd,172953,0,0,3.293421052631579,safe
397,0x68cea7e3b7b8bc461fe96f5e315a252b9fcc58804667c4760dc6846971eb996d,181746,-9000000000000000000,9000000000000000000,4.410886319845857,vul
398,0xb856f4014dc596f3934d5a4f52b4aeb04b6914883987ba7a216dd36197e2023d,172953,0,0,3.3,safe
399,0x29eda0af1b9edb4287dffdecaf0b6986a92c8297a97517fd704eb5aa5eb31f02,678605,-42000000000000000000,42000000000000000000,4.410886319845857,vul
