from,to,value,gas,gas_used,input,tx_hash,fuzz_string,victim_balance_before_tx,victim_balance_after_tx,attacker_balance_before_tx,attacker_balance_after_tx
0xeb9C44CBB771Db9736D6fFe15fee919554c5Eb56,0x2c20Ad8a16234C957CdB858151C7502AB71CEc25,0,3000000,144369,0x8f088f92000000000000000000000000c91f4bdeb8269dd85b49fada7ed2fcccf606534d,0x08b432d14aa8e1c3b3fe371089debc73d3ec1449ad0ea255039929f1bb48ce5d,"safes.sol,safe,26",100000000000000000000,10000000000000000000,0,0
0xeb9C44CBB771Db9736D6fFe15fee919554c5Eb56,0x724BF0CbE89f570E350522516a3F8252A7901B15,0,3000000,492191,0x8f088f9200000000000000000000000011f1c8013c665bbea3b5cd7f9a740e0869ab9029,0xf680183493cd0ffe0a2c4c81e7dd24c93f51b0b203a660701695142cbec3d4ee,"vulnerables.sol,vul,27",10000000000000000000,85000000000000000000,0,15000000000000000000
0x66a01D01FDBaa979fdde20CBc852b3aDC5e1F3c7,0x8415323d370c927fb0b1A8DBb49d472878793375,0,3000000,144369,0x8f088f9200000000000000000000000043d575a7a3237cfae415d4ff59d7b729d1de7d24,0xff6177bd03b585b0f679e9271c3fa6c8a75943d2d7bad5dcdfcfc122b1cc684a,"safes.sol,safe,28",10000000000000000000,10000000000000000000,0,0
0x66a01D01FDBaa979fdde20CBc852b3aDC5e1F3c7,0x4AF057b93b59006FCED42B124D9Ca8Adc4a882Cc,0,3000000,144369,0x8f088f92000000000000000000000000442b74044dd5b6847896e31dd0fd3497bb501e08,0x55439defad2095b6e4fc15cbee046c75456b590e3616019d74724189bcefdfa4,"safes.sol,safe,29",100000000000000000000,10000000000000000000,0,0
0x2ba8F20Ae57D9F981741394A4F531C2D0e63717d,0x73fe68c26F47F3C5bbcC0EE15e9a3F148bec745b,0,3000000,435413,0x8f088f92000000000000000000000000e038181ad82ac332ceba188d0e9fdbdd2bfe851f,0xefefa5359fb6ba0d3796bf70b6c01d69ab789d7cee276c6cb845c8dee8732466,"vulnerables.sol,vul,30",10000000000000000000,88000000000000000000,0,12000000000000000000
0xeb9C44CBB771Db9736D6fFe15fee919554c5Eb56,0x2Ea16EF1ce24EFfe888F1ac82767b5f086F8a06e,0,3000000,144369,0x8f088f9200000000000000000000000025161479e5f79c5aa7beeea2ae247e6d232e64e2,0x66e83c92bf76ac105ff05affd801675cc50fa3b74433810726db10d89cbd6159,"safes.sol,safe,31",10000000000000000000,10000000000000000000,0,0
0x2ba8F20Ae57D9F981741394A4F531C2D0e63717d,0x1d7633eeb0e8a18684f7F98992CeE2f9Bc38c410,0,3000000,144369,0x8f088f92000000000000000000000000790e255a09ec68badb4c84efff66513c65fc0dd7,0x3bdd3ff2ad618c7d2a7e2f627300fa30bafe11eb0b978b001c38c0e2ada561fe,"safes.sol,safe,32",100000000000000000000,10000000000000000000,0,0
0x52503d5F66B6D9FB8731fDc38f60a7aa545cA378,0xC5F5310F9017E0Ac7f63BE62d15e53eEea16b829,0,3000000,302196,0x8f088f920000000000000000000000006b1223f81205d59d945bf6846a74b7162f7e1630,0xb8a22cff0366b4e51eb303aedd21a5f6d5965c15f826299266a900fd3c9d1a83,"vulnerables.sol,vul,33",100000000000000000000,73000000000000000000,0,27000000000000000000
0xA3D57cDD628989F65468b102927a2595DE8F4AEA,0x4ffb96550056965a161c05cC3Bc7be3f15B45F73,0,3000000,321857,0x8f088f92000000000000000000000000d4ed1b6346604d83be5752564cce038609e3489c,0x171df5526a09f0c6420a043ccc73f0686dee8127513dc7aa7ee8402658be36af,"vulnerables.sol,vul,34",10000000000000000000,94000000000000000000,0,6000000000000000000
0x66a01D01FDBaa979fdde20CBc852b3aDC5e1F3c7,0xC6a5ce705A7DeDa4Fe500c3f2bFC97f697b04E1B,0,3000000,225983,0x8f088f92000000000000000000000000877a916cb88988412e68e3a4676e15e0c042f412,0x035abf84d132d38f9b5080eb15874f86fabc1a1443274a7a75cd0ed9d0a0cf3a,"safes.sol,safe,35",100000000000000000000,5500000000000000000,0,4500000000000000000
0x52503d5F66B6D9FB8731fDc38f60a7aa545cA378,0xBB15603ec934C7D16019DCACf1Bc5Fd634C4B988,0,3000000,342346,0x8f088f9200000000000000000000000039c83f6070249cb0d02129c0c251ed8380594fa2,0xfb9ed1eee1d94fd68043225ee21e95209ef35e0f55602551e78ce3da0c34b27b,"vulnerables.sol,vul,36",10000000000000000000,56000000000000000000,0,44000000000000000000
0xeb9C44CBB771Db9736D6fFe15fee919554c5Eb56,0xF7e158F008564298A4D04073D515cF29754d7A81,0,3000000,225983,0x8f088f9200000000000000000000000082e395231505441860a05d06affdf3af83b5cb1f,0x9508e228df279d1d1fd000b03bf0bb9b5dadcb106a9078b0df50b0858aa69856,"safes.sol,safe,37",100000000000000000000,5500000000000000000,0,4500000000000000000
0xeb9C44CBB771Db9736D6fFe15fee919554c5Eb56,0xA8A367D273014872D73f78dB4132d033f56fcabC,0,3000000,371717,0x8f088f92000000000000000000000000031a863e9487c63d9786358b273834814c7dd626,0x1660251acc1b6f979bd14bf2d7906e5db9774405fbfe4b07a7e0cfc36ab90eba,"vulnerables.sol,vul,38",10000000000000000000,86000000000000000000,0,14000000000000000000
0xeb9C44CBB771Db9736D6fFe15fee919554c5Eb56,0xb1dF11E4B7F9ace030F426e8a8898d94CDFD765b,0,3000000,225983,0x8f088f9200000000000000000000000058ffbc75d27c3d9d2430e347b133e756f46c588b,0x11e72876a8a1c61f99f2760a2d17dd218063beaf54f51803de6431922d20a326,"safes.sol,safe,39",100000000000000000000,5500000000000000000,0,4500000000000000000
0xA3D57cDD628989F65468b102927a2595DE8F4AEA,0x01316C5847EEB28f6252Bcd78102458593105EDD,0,3000000,492191,0x8f088f92000000000000000000000000533bb1ce606d752133d7a5ac8bed2c4fb646939c,0xf8b393425b561e58f8df3dc711c3722fc5625854a8ace43455acedc50b75199a,"vulnerables.sol,vul,41",100000000000000000000,85000000000000000000,0,15000000000000000000
0x66a01D01FDBaa979fdde20CBc852b3aDC5e1F3c7,0xb7f32e95c4125AB280Ff5F1f6309Ac70038A6167,0,3000000,273524,0x8f088f92000000000000000000000000631f7cf0a23ffcc359a7f13b08d60d2f46297b77,0x0d7e742d0ae660522e39a9db4e1c5e00779ff2e821920c8df0265f346b38df81,"vulnerables.sol,vul,40",10000000000000000000,98500000000000000000,0,1500000000000000000
0x2ba8F20Ae57D9F981741394A4F531C2D0e63717d,0x20D035D98A8D6e0CFabDe499CB63A25108DC3B2f,0,3000000,225983,0x8f088f92000000000000000000000000ce10cb998403df4076585c6c4d08fff8e81e0b17,0xcead3d92ec3fcd701b3c9fae635e3e3054d61ff8aa22dad1854f5b0c83b8769a,"safes.sol,safe,43",10000000000000000000,5500000000000000000,0,4500000000000000000
0x52503d5F66B6D9FB8731fDc38f60a7aa545cA378,0x0eEB97F1e52165E45531d2d0E69dBd465F921DD1,0,3000000,225983,0x8f088f920000000000000000000000005a05b1b5491cd6e14ad3c3331c7daec419992278,0x75c72ec8b743df58e49318f32942c6310a079195bdd5bf688244ce7524cc91b3,"safes.sol,safe,42",10000000000000000000,5500000000000000000,0,4500000000000000000
0xeb9C44CBB771Db9736D6fFe15fee919554c5Eb56,0x7B503958cBaD6CC5818F713682F318bD91006237,0,3000000,172953,0x8f088f9200000000000000000000000046c13dfcd5f35c3858ae18b344f3f3a24768888b,0x15ccbb0d2caf379c68360c564729d787b1b9039662e2aef46f180911ad4682e0,"safes.sol,safe,45",10000000000000000000,10000000000000000000,0,0
0x52503d5F66B6D9FB8731fDc38f60a7aa545cA378,0x530fcC099927CCd926bb62681fEE87B1730F31e6,0,3000000,172953,0x8f088f92000000000000000000000000ce388bbb57a95db2e53e13cbfd1684afc78d3515,0xa01c570fb835ee497994ddcb63d3c3c78db4b01fe27009ea68e7089d414bfcbe,"safes.sol,safe,44",100000000000000000000,10000000000000000000,0,0
0x66a01D01FDBaa979fdde20CBc852b3aDC5e1F3c7,0xf0C3b3e4632BBDAcCb1f21D8843732Dfd346B178,0,3000000,342346,0x8f088f920000000000000000000000000b5f0e91b814897a5febeb8f78bee53e55079583,0x07a68c7e538ae6434c8010ac383d6ce6b61e213bbe42ca4c5ac418bfb2f2dfa9,"vulnerables.sol,vul,47",100000000000000000000,78000000000000000000,0,22000000000000000000
0xeb9C44CBB771Db9736D6fFe15fee919554c5Eb56,0xD4F6927e6C27255e3310179E80254379b767360A,0,3000000,656729,0x8f088f9200000000000000000000000002219f5cb8371a04349698a6eb9a76dae2201889,0x91300951b71fb7ec00d724461ee3e66093fd94de5e38295eec7f580e8acc7ad6,"vulnerables.sol,vul,46",10000000000000000000,55000000000000000000,0,45000000000000000000
0xA3D57cDD628989F65468b102927a2595DE8F4AEA,0x304b075AC2D9B37Ab3D8A85067c633f9B6ba76f2,0,3000000,172953,0x8f088f92000000000000000000000000a6b4f12ddbbc3af93781eb92a20e1933ad2b3de8,0x5372e72d8b2fac28e489bdd0d3285a2019854c77a88cfd63f8391ccc077e8f2f,"safes.sol,safe,49",100000000000000000000,10000000000000000000,0,0
0xeb9C44CBB771Db9736D6fFe15fee919554c5Eb56,0x8Ce0F24545c408Bbc030DB253cAF9e0729EDfFcb,0,3000000,333356,0x8f088f9200000000000000000000000002b22bb1a0056f7f9328c8026facce683c7c8324,0x422eb0f9feb6909b3a8b895185251513d9e7f4e70b5616d9216448b9de63e17d,"vulnerables.sol,vul,48",100000000000000000000,89500000000000000000,0,10500000000000000000
0xA3D57cDD628989F65468b102927a2595DE8F4AEA,0x63dBe457dbd26edE60Fa43812e4610351B542d9b,0,3000000,548969,0x8f088f920000000000000000000000008d08871bd0ec5abe0db85d8b1162747863707942,0xb80b8a6548e5815f36f7db33f993c0404ca78e91fdd692b3a6e909d05a1f6282,"vulnerables.sol,vul,51",100000000000000000000,82000000000000000000,0,18000000000000000000
0xA3D57cDD628989F65468b102927a2595DE8F4AEA,0xCbEfC0C011B3ceb41ff50Ce23BabDC57b1082220,0,3000000,601883,0x8f088f92000000000000000000000000a429bddbe78d93074db54649262ae13512351d9e,0x19c998246a52830b5c800573ba9a583704e41e8ea594973715e172ed65dc8489,"vulnerables.sol,vul,50",10000000000000000000,65000000000000000000,0,35000000000000000000
0xA3D57cDD628989F65468b102927a2595DE8F4AEA,0xcfd965e4dA99b7152B99cf1Ca0d4C418b27EDf0f,0,3000000,144369,0x8f088f9200000000000000000000000017ed270d7a639fd25af15e4ee30ae51fefcd0c62,0x4598726c89af9094eb01d2957885f584d31c252b8e5cfed1f1e9dbc5ee54b4d9,"safes.sol,safe,53",10000000000000000000,10000000000000000000,0,0
0x2ba8F20Ae57D9F981741394A4F531C2D0e63717d,0x29eD04b9296108D0349F0850577940cd887573d1,0,3000000,172953,0x8f088f92000000000000000000000000f5f598dc9c9a85a05c8d72905fd710df549485da,0xdce250f638907077c227a863afd0761ff2b843b24e3703d83482abfdb22194e0,"safes.sol,safe,52",100000000000000000000,10000000000000000000,0,0
0x2ba8F20Ae57D9F981741394A4F531C2D0e63717d,0x68A83D23daE2A560748162E0b8aefcd5ddBdEE46,0,3000000,342346,0x8f088f9200000000000000000000000093d435c9d08b7d72c4abcbd7669a8b63c93a4c43,0x37572d633108ed002a67bd3fc0741c5a8894cd95d3d1a6009ca71b2549fb2891,"vulnerables.sol,vul,55",100000000000000000000,78000000000000000000,0,22000000000000000000
0xeb9C44CBB771Db9736D6fFe15fee919554c5Eb56,0xbDeeC49389D20DF280D4668aDf60cA78dDd4c81f,0,3000000,342346,0x8f088f920000000000000000000000002a09a41f2308779536a06dc9f08ed898f0f0ebcc,0x5e837c26c28b577ee44883d1e76b81285ba699588920a44a82d2f159c45631c6,"vulnerables.sol,vul,54",10000000000000000000,56000000000000000000,0,44000000000000000000
0x66a01D01FDBaa979fdde20CBc852b3aDC5e1F3c7,0xEa2d9D928dB4653B8C25727De77a378b71CaaC15,0,3000000,144369,0x8f088f92000000000000000000000000c77f26b83ff285322531b2ebb43a9d78c2928cca,0xe993460cba8752547816257129920fd7fa3248120aae75383261a0988cd96aed,"safes.sol,safe,57",100000000000000000000,10000000000000000000,0,0
0x52503d5F66B6D9FB8731fDc38f60a7aa545cA378,0x1648BABF85D9F514ac5AC9ebA397688d99C133f4,0,3000000,382496,0x8f088f9200000000000000000000000074e6e0d588bfbd9dbcccaf2c17f8eb27ea0f4434,0x88a85263b6683d97e10e36a4059b7874a7df16008a4d71bd3a4e910951fe16be,"vulnerables.sol,vul,56",10000000000000000000,61000000000000000000,0,39000000000000000000
0xA3D57cDD628989F65468b102927a2595DE8F4AEA,0xB4EFF63A434eF6C40Df0eF12A2b161820aa5e0C2,0,3000000,144369,0x8f088f920000000000000000000000001fdf429cd67409fbba1aa781e1272c9301662e2b,0x92a04b5d1e212dd8d98ef535f945d9f6bde85b93c8cb7cc48e5428fd159f7978,"safes.sol,safe,59",10000000000000000000,10000000000000000000,0,0
0xA3D57cDD628989F65468b102927a2595DE8F4AEA,0x4acF3C5baef01Bc9bBd6d69D8b5c1Eec5F925D15,0,3000000,172953,0x8f088f9200000000000000000000000058370603108002cf871dea3c0df120a28c4b07a7,0x2ceddc355d11725f136f811e231eb3885410c5483c00d2698d80ccbc9af2a361,"safes.sol,safe,58",10000000000000000000,10000000000000000000,0,0
0xA3D57cDD628989F65468b102927a2595DE8F4AEA,0x21d12bCB552a7004a2e2Aa811Ee8B8b062f30084,0,3000000,144369,0x8f088f92000000000000000000000000867f4749ec2a9e053e7666b5ad3c980947f3434a,0xd85dee5606fb1ee32c520d1a7fd0cdc7bba309b2147f5c0328a099b4a152b2f5,"safes.sol,safe,61",100000000000000000000,10000000000000000000,0,0
0x52503d5F66B6D9FB8731fDc38f60a7aa545cA378,0x9Be6Ee4e6775531f6fb1310E1764A2f56f2c344b,0,3000000,613787,0x8f088f9200000000000000000000000079458c8f76075ef82a8eaa03ca1b95fe2c8c7c61,0x92b8bbb419e3711d0f065ffc970d153de0425a3c78162446a1b9214e521ceac6,"vulnerables.sol,vul,60",100000000000000000000,70000000000000000000,0,30000000000000000000
0xA3D57cDD628989F65468b102927a2595DE8F4AEA,0xbea2D1de322E909956ea94698A6Af087b0E6D99d,0,3000000,437345,0x8f088f92000000000000000000000000b4dce5b27ee25ebe7a089f6bb47b48167f065c47,0x53205c3f00676f9ddc1c756ff03c1d92293d031a0ff184a248578d3e57405976,"vulnerables.sol,vul,63",100000000000000000000,95000000000000000000,0,5000000000000000000
0x66a01D01FDBaa979fdde20CBc852b3aDC5e1F3c7,0xD87634E85422740cB6EBb205483B6B03B5BBe647,0,3000000,378635,0x8f088f9200000000000000000000000072ae183678d21047eb29c88296f4829736279d9d,0xf7a9013947f695f1537fc6a63ef64258f8dcb9d2bc1afcd0ccaf06b3509ceea5,"vulnerables.sol,vul,62",10000000000000000000,91000000000000000000,0,9000000000000000000
0x66a01D01FDBaa979fdde20CBc852b3aDC5e1F3c7,0x602e852f945783C62C2E2324e5Fd532ab423391e,0,3000000,225983,0x8f088f9200000000000000000000000096fa6fc8e4d640427a6a6b5f5822a1a882a9985c,0x805f8bb31a97b5aa41edca994601defb7351d3538288d03ec7b3f9977b59c593,"safes.sol,safe,65",10000000000000000000,5500000000000000000,0,4500000000000000000
0x2ba8F20Ae57D9F981741394A4F531C2D0e63717d,0x132c0F443A6493F2E450A632Bd9291f72f2da01f,0,3000000,144369,0x8f088f920000000000000000000000009362bcde6ed07f07f7a19041c69e359bedaba367,0xa72f43d10012cbb1afdef9f06bd4f8c637ff41fc0208a155d84373256f3415af,"safes.sol,safe,64",100000000000000000000,10000000000000000000,0,0
0xA3D57cDD628989F65468b102927a2595DE8F4AEA,0xef953EB52c5cbaaC770564C7f6c36483be52B894,0,3000000,211046,0x8f088f92000000000000000000000000fb7b9192b1ee17f9629e0912d9210c88b1425a95,0x20e250fda0702768c0d452c1c26b1fd3c0014e214cc7d25bd2d9f1820c88c827,"vulnerables.sol,vul,67",100000000000000000000,100000000000000000000,0,0
0x52503d5F66B6D9FB8731fDc38f60a7aa545cA378,0xCBf9846878659aF5DB69CBf541003E2e43F3998d,0,3000000,302196,0x8f088f9200000000000000000000000033e64d7c6a84eca277742208eaeb1fe40e3476db,0xee509425deac1a8e9aa74b75429791c52a858374948a9e3ba7ff72af15b8644e,"vulnerables.sol,vul,66",100000000000000000000,91000000000000000000,0,9000000000000000000
0x2ba8F20Ae57D9F981741394A4F531C2D0e63717d,0x25FB3AaDc11DF708c4dD640E04774aF21b8d2ada,0,3000000,382496,0x8f088f92000000000000000000000000bd7eef572bf66cbde31d8a26431a3f469c5bec1d,0x065a8c0e9d5563c5f05eb9038c9883bafa57d823bd57e5f95d2ea594e332a6d2,"vulnerables.sol,vul,69",10000000000000000000,61000000000000000000,0,39000000000000000000
0x66a01D01FDBaa979fdde20CBc852b3aDC5e1F3c7,0x05174f8a28347D3dE0661EAf40B04d10D670520f,0,3000000,225983,0x8f088f920000000000000000000000001467567f3c0703580bef6f9a7f9309f0ff52b9ab,0x6646830cd8d666ad3b25915e3ccae15549b54c6429f8d09c861a66e825c1b368,"safes.sol,safe,68",100000000000000000000,5500000000000000000,0,4500000000000000000
0x2ba8F20Ae57D9F981741394A4F531C2D0e63717d,0x06174eD517CbD89cF41B15346a477f0990F16d96,0,3000000,221896,0x8f088f920000000000000000000000003a8060451284a0a4c6f167255ea2fb38bb35163e,0x2627d9771813b36fa4bfe5d36ba543432edea50593401fe6e21c890ddb26b661,"vulnerables.sol,vul,71",10000000000000000000,85000000000000000000,0,15000000000000000000
0x52503d5F66B6D9FB8731fDc38f60a7aa545cA378,0x2c751B7803EaA63903D51132405f3aCF13A66a2F,0,3000000,225983,0x8f088f92000000000000000000000000eba533285e546e68fd8cca939c62209f1ea41f0c,0x06bf70511b5bb166522ea1e0fec35ef902239fc76d098d2a8a54dd9cafde16dd,"safes.sol,safe,70",10000000000000000000,5500000000000000000,0,4500000000000000000
0x66a01D01FDBaa979fdde20CBc852b3aDC5e1F3c7,0xe2b0509E2165D2ff5D5Ff245fB9478c9564bd02c,0,3000000,201295,0x8f088f92000000000000000000000000658b053558f0309afc430cafcd2f09ce14f1feef,0xef3fe9a5dcd0c17b2624263088f282bd99330f48cad17281350eff050561c46c,"safes.sol,safe,73",100000000000000000000,10000000000000000000,0,0
0x66a01D01FDBaa979fdde20CBc852b3aDC5e1F3c7,0xAa54F6b87C3D45e3BA837DA5aCe8085636FD0D0B,0,3000000,104046,0x8f088f9200000000000000000000000061e6c271ec98a5e003f267afbf18c753f8081574,0xe84192fc069b373729a7d738c233a59428accfbe04f422dfd7224d7d70b20171,"vulnerables.sol,vul,72",100000000000000000000,100000000000000000000,0,0
0xA3D57cDD628989F65468b102927a2595DE8F4AEA,0x248202fA8ab086e5e9a6fb50bc67A0f7882227A4,0,3000000,548957,0x8f088f9200000000000000000000000035e8c06c7f621795eb2a2ca264572ee800500182,0xf29d96dcfad983570505ddde05b3010c63af41651d8b379e8b9561a26651b419,"vulnerables.sol,vul,75",10000000000000000000,82000000000000000000,0,18000000000000000000
0x66a01D01FDBaa979fdde20CBc852b3aDC5e1F3c7,0xcb83f651CE597998A7DE03830Aae006a75FaA1f1,0,3000000,201295,0x8f088f92000000000000000000000000d8b1e5cd78e8754a19be754a5c74a40cd16c19e1,0xb9ef928307d8a5f581a8f735543e2fb2c9d51a6a1cc70832cef3b47a1f6c61c1,"safes.sol,safe,74",10000000000000000000,10000000000000000000,0,0
0x52503d5F66B6D9FB8731fDc38f60a7aa545cA378,0x274BB05b815a768E99610278A35813D278c5071B,0,3000000,225983,0x8f088f920000000000000000000000007785832012db707f9e38ed882193c91c2255aa9e,0xe256df864e09483344e3705fbdec29a9e540e134a0c53c724ea509713eef893b,"safes.sol,safe,77",100000000000000000000,5500000000000000000,0,4500000000000000000
0x66a01D01FDBaa979fdde20CBc852b3aDC5e1F3c7,0x02f13c58385d66f5B92fc3869F9812D004DEF122,0,3000000,601883,0x8f088f9200000000000000000000000040b2ca121b4303aa3f952ee349fa285e4aedae56,0xcb103d166d4bc2ec72d2e07436efb38906f84cc638c98e84697f43d1a27bf5b4,"vulnerables.sol,vul,76",10000000000000000000,65000000000000000000,0,35000000000000000000
0x66a01D01FDBaa979fdde20CBc852b3aDC5e1F3c7,0x69104B3F5F3678d62ccd65Fc0b8655614e10ec6e,0,3000000,201295,0x8f088f920000000000000000000000007b7bbc19faef9a2f2adadccea6120679701ad93d,0xec97e33d239c57120502bc9b74707db40cf7b1ee4bf214e9e93508b90dc93999,"safes.sol,safe,79",10000000000000000000,10000000000000000000,0,0
0xA3D57cDD628989F65468b102927a2595DE8F4AEA,0xdf7d5dE776f734f112E247381c8582C9E3Ad2C69,0,3000000,225983,0x8f088f920000000000000000000000004d2b3a8731843808102d8138e7a44fedaf108bfa,0x7740d9115e95b5fba76cc8bf565767429c1641d9c9d571584d7fe2e4f63224e3,"safes.sol,safe,78",100000000000000000000,5500000000000000000,0,4500000000000000000
0xeb9C44CBB771Db9736D6fFe15fee919554c5Eb56,0xe9040Cc8e5bA6022d0eE19af933522fABCdBD9F5,0,3000000,343733,0x8f088f9200000000000000000000000086e7fb5c951871a969be5305fc29098bf0e1fc8a,0xb228297315198ff903383abe7dd8af59cebccbf40894795073f7aa5e2bc737d9,"vulnerables.sol,vul,81",100000000000000000000,97000000000000000000,0,3000000000000000000
0x52503d5F66B6D9FB8731fDc38f60a7aa545cA378,0x27609209329b98c8Abe9ca97f2ebc683aaDDd153,0,3000000,346787,0x8f088f92000000000000000000000000a73ed120e83dbd389379c5fe33200aa122906a85,0x352ca0fea2f24ab8f209bdaf5f5536ae6321d88de8640214ea111e3818ea5194,"vulnerables.sol,vul,80",10000000000000000000,90000000000000000000,0,10000000000000000000
0xeb9C44CBB771Db9736D6fFe15fee919554c5Eb56,0x040f42C1a7DCe488aF24A5297d803237e70c8Aca,0,3000000,201295,0x8f088f920000000000000000000000002c3741fbab980eb5823152f473e41ce2ba377821,0x80cc24d1cc1a21d2938a58588071a22a0e9b0e5ec8f2e87ec7824419dc187b30,"safes.sol,safe,83",100000000000000000000,10000000000000000000,0,0
0xeb9C44CBB771Db9736D6fFe15fee919554c5Eb56,0x37c381a497A49C912f931DB1FcE458f9FD37bEca,0,3000000,221896,0x8f088f920000000000000000000000008167d3f1de4cc132f00d051e404cba481f35e0f9,0x34bfbfe568905cfafdfeb332c7266d8ef4917ee60f9f056c60f75f29cb096bc8,"vulnerables.sol,vul,82",100000000000000000000,80000000000000000000,0,20000000000000000000
0x66a01D01FDBaa979fdde20CBc852b3aDC5e1F3c7,0xeB013D9b471d4cd6797984E306b92E1E417CC343,0,3000000,221896,0x8f088f92000000000000000000000000cd07040d256896df56f81f9c8f792c72b8616f3f,0xce3a5693ed897d5fa6791b9a994863446b6afaac55192a386aeb2e5a2f67cf9b,"vulnerables.sol,vul,85",,,,
0x66a01D01FDBaa979fdde20CBc852b3aDC5e1F3c7,0xf0331a2DF3537C5Bb9a4947871a071151C070883,0,3000000,321857,0x8f088f920000000000000000000000005e72b4020189577dab317d502d9e34ed5d178327,0x6837ed661753ee6ee044ad0a5ef7fae1de4cbbdb1b6d919ccc7a3447a07cbc8c,"vulnerables.sol,vul,84",10000000000000000000,94000000000000000000,0,6000000000000000000
0xA3D57cDD628989F65468b102927a2595DE8F4AEA,0xc61Cc7f51a7Faaf2f22fc0a41fb9E33A70BC4010,0,3000000,225983,0x8f088f9200000000000000000000000025f82ad1b581a7a1c3e3d81e5a52e23e0a2004d3,0x0557b8f3d584a3909aa17a30ed824e3f18b96a61931e2fdcdda59907cc9c06c6,"safes.sol,safe,87",10000000000000000000,8500000000000000000,0,1500000000000000000
0x2ba8F20Ae57D9F981741394A4F531C2D0e63717d,0x8D61fED3022fCcCC9F3E55b74Ebc2a7339a9f180,0,3000000,201295,0x8f088f92000000000000000000000000c53931d6075b358b231d1aebb4c5c0946f91679b,0x2228908479ef84c7775f5b62e89d32a85aff0b54d623b960dd2d510e59444bba,"safes.sol,safe,86",10000000000000000000,10000000000000000000,0,0
0xA3D57cDD628989F65468b102927a2595DE8F4AEA,0xF57e95664E5FD672E295C22a8659d753ab21e1D4,0,3000000,225983,0x8f088f9200000000000000000000000085c3a1907490a1728c84a43c7ab4ad5cd37987f0,0x40b881cb04715b6197cf071ac27a839cb520907dd89b2f7cabe11a3f6ce955c7,"safes.sol,safe,89",10000000000000000000,8500000000000000000,0,1500000000000000000
0x2ba8F20Ae57D9F981741394A4F531C2D0e63717d,0xb3d2daC7a7045fDfBE13F1a980F1C521b2Fe9f91,0,3000000,225983,0x8f088f920000000000000000000000009e8350ed19c88a8ffd9ad32dab3ca4eb68c69ff3,0x6794573917625867d0d2e90cc232c703c1c7b474bae3ed97062fd52dce3fa711,"safes.sol,safe,88",10000000000000000000,8500000000000000000,0,1500000000000000000
0xeb9C44CBB771Db9736D6fFe15fee919554c5Eb56,0x1295bdfb6dD19361e045d38B312849dA4119DfA9,0,3000000,225983,0x8f088f92000000000000000000000000eee3b0471cfce7692e71f533388d8f9945bb4aeb,0x178c39fc3e9d39d946fd5df6bb1e1c27cd2489a23e477f186e2369bf510eb89c,"safes.sol,safe,90",100000000000000000000,8500000000000000000,0,1500000000000000000
0x66a01D01FDBaa979fdde20CBc852b3aDC5e1F3c7,0xdeF3AAc212309909Bf6Ed3f59d1A0acE7463CBe4,0,3000000,448439,0x8f088f92000000000000000000000000dbac5f60afcfe71734a8691aad4102713df5a20e,0xf48f15b476e32615b0128924adf6b05ada2fe0ab780e52330e13adb3ca5908da,"vulnerables.sol,vul,91",10000000000000000000,79000000000000000000,0,21000000000000000000
0x52503d5F66B6D9FB8731fDc38f60a7aa545cA378,0x0172e52aec5304c5Fc37596e63B7dC6Ab9de87f5,0,3000000,225971,0x8f088f920000000000000000000000000338423582b10f9ff0d643a10fdf2d0d982e0001,0xfe249670a7dacfeca59633551a610bc0ad600a7023d24c464c67548677d2b8a9,"safes.sol,safe,92",10000000000000000000,5500000000000000000,0,4500000000000000000
0xeb9C44CBB771Db9736D6fFe15fee919554c5Eb56,0x892aBBe311fB4406d786086BA70A3947bcE319e6,0,3000000,225983,0x8f088f92000000000000000000000000f5a03351a0705c57d51b22b57bf3785f6d239369,0x136cb83df4dff31eed22b7818ae0d995af87fb8837616fc95fb417e7550b8051,"safes.sol,safe,93",100000000000000000000,8500000000000000000,0,1500000000000000000
0xA3D57cDD628989F65468b102927a2595DE8F4AEA,0x00cC1b2dE1bfcFf1736c8EBE5D4A11D45F11dE5C,0,3000000,382496,0x8f088f92000000000000000000000000a9471046c201c42d44caf089a72bc2a7a8e9b10d,0x5bfc1a9985707b68fb07abe11f4a37592cf8c8f8c9e5e69a2f7098f1ca7207e4,"vulnerables.sol,vul,94",100000000000000000000,61000000000000000000,0,39000000000000000000
0x66a01D01FDBaa979fdde20CBc852b3aDC5e1F3c7,0x6fE874f8F91691A65c0080Eca0782F071451C192,0,3000000,448439,0x8f088f9200000000000000000000000013ff2658067dcf47faf621dc2e3fd1221deb3d93,0x9dbcf89fb3fef6d5bd17906023b6e322593b373e2695a78888b4a2c15904bc3a,"vulnerables.sol,vul,95",100000000000000000000,79000000000000000000,0,21000000000000000000
0x2ba8F20Ae57D9F981741394A4F531C2D0e63717d,0x5f66dc1CA596D97d8F6DD59C566037aeE4c3b2e6,0,3000000,130784,0x8f088f92000000000000000000000000e4c7bf452769648bd50a513be7429bb831717700,0x71c43aed7bf3398b71ce8249975300f257567979d94c8ca72b771fe894a42597,"vulnerables.sol,vul,97",100000000000000000000,,0,
0xA3D57cDD628989F65468b102927a2595DE8F4AEA,0x7c302fdfC4753762c688A1F1d0525A5f99fF0e1A,0,3000000,130796,0x8f088f9200000000000000000000000056bd4011c226c95113d01a599815bcba98bd2627,0xfc7adedc46ed0d4ddd219b03c5c5b1528bfed287a45880ecdab31c8e5d3e5fb7,"vulnerables.sol,vul,96",10000000000000000000,100000000000000000000,0,0
0x52503d5F66B6D9FB8731fDc38f60a7aa545cA378,0x7a44071611fcBfF2140715daE0bBaDE34257f4A0,0,3000000,225983,0x8f088f92000000000000000000000000949c5cdc2f635149e3885c9efd4d0fb061b1ba7b,0x43c2677fc7ec58584c93cfe08ea3867a903e2dda259491822c00d69dd335c4f3,"safes.sol,safe,98",10000000000000000000,5500000000000000000,0,4500000000000000000
0x2ba8F20Ae57D9F981741394A4F531C2D0e63717d,0x31acD179e5f35fDE478b8391D5dB0A99A9A58C5c,0,3000000,225971,0x8f088f92000000000000000000000000ad84a100ffa742840f8f3ee36dd8304db7177b1a,0xc6d863659bee168ae5766d55fcaeee009d95760e5461acbf35b646181abe76e0,"safes.sol,safe,100",100000000000000000000,5500000000000000000,0,4500000000000000000
0x2ba8F20Ae57D9F981741394A4F531C2D0e63717d,0x464FC54bEB4F5c2282322c3a76369242292a7687,0,3000000,221896,0x8f088f920000000000000000000000004d7f299e572de7a61d3c8a64039e7d2c1cacf09c,0xba73a0ccc38d4cc24558e4396ce36b1505b251ffd582c00824036c6582bb7a61,"vulnerables.sol,vul,99",10000000000000000000,80000000000000000000,0,20000000000000000000
0x66a01D01FDBaa979fdde20CBc852b3aDC5e1F3c7,0x17271E135D2882FCed9Cf5fB57e330C50B65c582,0,3000000,225983,0x8f088f9200000000000000000000000048170cbf140bb3e0980ec9c98e193095772fd587,0x19f9fd7fccb0e0324e3b343353c6a20f36fa935e1cb1ea756c35ac41db5da2ad,"safes.sol,safe,101",100000000000000000000,5500000000000000000,0,4500000000000000000
0xeb9C44CBB771Db9736D6fFe15fee919554c5Eb56,0xe6121CbF14d06DE655d3F247D29d730120FE2E4A,0,3000000,221896,0x8f088f9200000000000000000000000076c089ed512a5d565755a6bf3ea5b61f37c2dcf4,0x44032c37fb32449dc805a9a02ec7c02bb3ebed0c6cebeb93b349e519e0722608,"vulnerables.sol,vul,103",10000000000000000000,80000000000000000000,0,20000000000000000000
0xA3D57cDD628989F65468b102927a2595DE8F4AEA,0x3D89265432fF00f1794906Ce9E538146421A5732,0,3000000,225983,0x8f088f9200000000000000000000000090a0a54c7e7ec24efd77f750229a4a3fd3169676,0xac3e2d9fb2c6f8f741bd6f261f16e422ef099a2276f3231dae720f405ec57797,"safes.sol,safe,102",100000000000000000000,5500000000000000000,0,4500000000000000000
0x2ba8F20Ae57D9F981741394A4F531C2D0e63717d,0xF27cBE33Bded802c9fB6Eba989975Bb6F068724c,0,3000000,302196,0x8f088f9200000000000000000000000039064e9330457688a7573714559332a0e6bbdbb6,0x58c1ecb49e0304c2f11e015b2fd7eaf4511046ecbbcb6f13402244a5a2b1c6e6,"vulnerables.sol,vul,104",100000000000000000000,82000000000000000000,0,18000000000000000000
0x66a01D01FDBaa979fdde20CBc852b3aDC5e1F3c7,0xfDE69D77aE70F9Fa170625c2ca9DC091123212DE,0,3000000,333356,0x8f088f92000000000000000000000000ac1e7322289d276c3a8e342d1f5ed8c7ca3be885,0x092558fb39ab9a4dee1672bf02f7634d467174d6ebbbbe0f9007496c37a47021,"vulnerables.sol,vul,105",,89500000000000000000,,10500000000000000000
